"keyword","category","intent","target_url","status"
"daftar kemitraan Slivadoc","umum","daftar","https://partners.slivadoc.com/","ide editorial"
"gabung partner Slivadoc","umum","daftar","https://partners.slivadoc.com/","ide editorial"
"pendaftaran mitra Slivadoc","umum","daftar","https://partners.slivadoc.com/","ide editorial"
"cara menjadi partner Slivadoc","umum","daftar","https://partners.slivadoc.com/","ide editorial"
"formulir partnership Slivadoc","umum","daftar","https://partners.slivadoc.com/","ide editorial"
"syarat kemitraan Slivadoc","umum","daftar","https://partners.slivadoc.com/","ide editorial"
"kemitraan bisnis hewan Indonesia","umum","daftar","https://partners.slivadoc.com/","ide editorial"
"kerja sama ekosistem pet care","umum","daftar","https://partners.slivadoc.com/","ide editorial"
"daftar partner pet care gratis","umum","daftar","https://partners.slivadoc.com/","ide editorial"
"pendaftaran partnership pet care","umum","daftar","https://partners.slivadoc.com/","ide editorial"
"daftar mitra klinik hewan Slivadoc","klinik-hewan","daftar","https://partners.slivadoc.com/kemitraan/klinik-hewan","ide editorial"
"pendaftaran kemitraan klinik hewan","klinik-hewan","daftar","https://partners.slivadoc.com/kemitraan/klinik-hewan","ide editorial"
"gabung partner klinik hewan","klinik-hewan","daftar","https://partners.slivadoc.com/kemitraan/klinik-hewan","ide editorial"
"cara daftar partner klinik hewan","klinik-hewan","panduan","https://partners.slivadoc.com/kemitraan/klinik-hewan","ide editorial"
"kerja sama klinik hewan dengan Slivadoc","klinik-hewan","kolaborasi","https://partners.slivadoc.com/kemitraan/klinik-hewan","ide editorial"
"program mitra klinik hewan Indonesia","klinik-hewan","kolaborasi","https://partners.slivadoc.com/kemitraan/klinik-hewan","ide editorial"
"menjadi mitra klinik hewan Slivadoc","klinik-hewan","daftar","https://partners.slivadoc.com/kemitraan/klinik-hewan","ide editorial"
"formulir pendaftaran klinik hewan","klinik-hewan","daftar","https://partners.slivadoc.com/kemitraan/klinik-hewan","ide editorial"
"syarat kemitraan klinik hewan","klinik-hewan","panduan","https://partners.slivadoc.com/kemitraan/klinik-hewan","ide editorial"
"pengajuan partner klinik hewan","klinik-hewan","daftar","https://partners.slivadoc.com/kemitraan/klinik-hewan","ide editorial"
"kolaborasi klinik hewan Slivadoc","klinik-hewan","kolaborasi","https://partners.slivadoc.com/kemitraan/klinik-hewan","ide editorial"
"daftar mitra rumah sakit hewan Slivadoc","klinik-hewan","daftar","https://partners.slivadoc.com/kemitraan/klinik-hewan","ide editorial"
"pendaftaran kemitraan rumah sakit hewan","klinik-hewan","daftar","https://partners.slivadoc.com/kemitraan/klinik-hewan","ide editorial"
"gabung partner rumah sakit hewan","klinik-hewan","daftar","https://partners.slivadoc.com/kemitraan/klinik-hewan","ide editorial"
"cara daftar partner rumah sakit hewan","klinik-hewan","panduan","https://partners.slivadoc.com/kemitraan/klinik-hewan","ide editorial"
"kerja sama rumah sakit hewan dengan Slivadoc","klinik-hewan","kolaborasi","https://partners.slivadoc.com/kemitraan/klinik-hewan","ide editorial"
"program mitra rumah sakit hewan Indonesia","klinik-hewan","kolaborasi","https://partners.slivadoc.com/kemitraan/klinik-hewan","ide editorial"
"menjadi mitra rumah sakit hewan Slivadoc","klinik-hewan","daftar","https://partners.slivadoc.com/kemitraan/klinik-hewan","ide editorial"
"formulir pendaftaran rumah sakit hewan","klinik-hewan","daftar","https://partners.slivadoc.com/kemitraan/klinik-hewan","ide editorial"
"syarat kemitraan rumah sakit hewan","klinik-hewan","panduan","https://partners.slivadoc.com/kemitraan/klinik-hewan","ide editorial"
"pengajuan partner rumah sakit hewan","klinik-hewan","daftar","https://partners.slivadoc.com/kemitraan/klinik-hewan","ide editorial"
"kolaborasi rumah sakit hewan Slivadoc","klinik-hewan","kolaborasi","https://partners.slivadoc.com/kemitraan/klinik-hewan","ide editorial"
"daftar mitra pet clinic Slivadoc","klinik-hewan","daftar","https://partners.slivadoc.com/kemitraan/klinik-hewan","ide editorial"
"pendaftaran kemitraan pet clinic","klinik-hewan","daftar","https://partners.slivadoc.com/kemitraan/klinik-hewan","ide editorial"
"gabung partner pet clinic","klinik-hewan","daftar","https://partners.slivadoc.com/kemitraan/klinik-hewan","ide editorial"
"cara daftar partner pet clinic","klinik-hewan","panduan","https://partners.slivadoc.com/kemitraan/klinik-hewan","ide editorial"
"kerja sama pet clinic dengan Slivadoc","klinik-hewan","kolaborasi","https://partners.slivadoc.com/kemitraan/klinik-hewan","ide editorial"
"program mitra pet clinic Indonesia","klinik-hewan","kolaborasi","https://partners.slivadoc.com/kemitraan/klinik-hewan","ide editorial"
"menjadi mitra pet clinic Slivadoc","klinik-hewan","daftar","https://partners.slivadoc.com/kemitraan/klinik-hewan","ide editorial"
"formulir pendaftaran pet clinic","klinik-hewan","daftar","https://partners.slivadoc.com/kemitraan/klinik-hewan","ide editorial"
"syarat kemitraan pet clinic","klinik-hewan","panduan","https://partners.slivadoc.com/kemitraan/klinik-hewan","ide editorial"
"pengajuan partner pet clinic","klinik-hewan","daftar","https://partners.slivadoc.com/kemitraan/klinik-hewan","ide editorial"
"kolaborasi pet clinic Slivadoc","klinik-hewan","kolaborasi","https://partners.slivadoc.com/kemitraan/klinik-hewan","ide editorial"
"daftar mitra klinik veteriner Slivadoc","klinik-hewan","daftar","https://partners.slivadoc.com/kemitraan/klinik-hewan","ide editorial"
"pendaftaran kemitraan klinik veteriner","klinik-hewan","daftar","https://partners.slivadoc.com/kemitraan/klinik-hewan","ide editorial"
"gabung partner klinik veteriner","klinik-hewan","daftar","https://partners.slivadoc.com/kemitraan/klinik-hewan","ide editorial"
"cara daftar partner klinik veteriner","klinik-hewan","panduan","https://partners.slivadoc.com/kemitraan/klinik-hewan","ide editorial"
"kerja sama klinik veteriner dengan Slivadoc","klinik-hewan","kolaborasi","https://partners.slivadoc.com/kemitraan/klinik-hewan","ide editorial"
"program mitra klinik veteriner Indonesia","klinik-hewan","kolaborasi","https://partners.slivadoc.com/kemitraan/klinik-hewan","ide editorial"
"menjadi mitra klinik veteriner Slivadoc","klinik-hewan","daftar","https://partners.slivadoc.com/kemitraan/klinik-hewan","ide editorial"
"formulir pendaftaran klinik veteriner","klinik-hewan","daftar","https://partners.slivadoc.com/kemitraan/klinik-hewan","ide editorial"
"syarat kemitraan klinik veteriner","klinik-hewan","panduan","https://partners.slivadoc.com/kemitraan/klinik-hewan","ide editorial"
"pengajuan partner klinik veteriner","klinik-hewan","daftar","https://partners.slivadoc.com/kemitraan/klinik-hewan","ide editorial"
"kolaborasi klinik veteriner Slivadoc","klinik-hewan","kolaborasi","https://partners.slivadoc.com/kemitraan/klinik-hewan","ide editorial"
"daftar mitra layanan klinis hewan Slivadoc","klinik-hewan","daftar","https://partners.slivadoc.com/kemitraan/klinik-hewan","ide editorial"
"pendaftaran kemitraan layanan klinis hewan","klinik-hewan","daftar","https://partners.slivadoc.com/kemitraan/klinik-hewan","ide editorial"
"gabung partner layanan klinis hewan","klinik-hewan","daftar","https://partners.slivadoc.com/kemitraan/klinik-hewan","ide editorial"
"cara daftar partner layanan klinis hewan","klinik-hewan","panduan","https://partners.slivadoc.com/kemitraan/klinik-hewan","ide editorial"
"kerja sama layanan klinis hewan dengan Slivadoc","klinik-hewan","kolaborasi","https://partners.slivadoc.com/kemitraan/klinik-hewan","ide editorial"
"program mitra layanan klinis hewan Indonesia","klinik-hewan","kolaborasi","https://partners.slivadoc.com/kemitraan/klinik-hewan","ide editorial"
"menjadi mitra layanan klinis hewan Slivadoc","klinik-hewan","daftar","https://partners.slivadoc.com/kemitraan/klinik-hewan","ide editorial"
"formulir pendaftaran layanan klinis hewan","klinik-hewan","daftar","https://partners.slivadoc.com/kemitraan/klinik-hewan","ide editorial"
"syarat kemitraan layanan klinis hewan","klinik-hewan","panduan","https://partners.slivadoc.com/kemitraan/klinik-hewan","ide editorial"
"pengajuan partner layanan klinis hewan","klinik-hewan","daftar","https://partners.slivadoc.com/kemitraan/klinik-hewan","ide editorial"
"kolaborasi layanan klinis hewan Slivadoc","klinik-hewan","kolaborasi","https://partners.slivadoc.com/kemitraan/klinik-hewan","ide editorial"
"daftar mitra dokter hewan independen Slivadoc","dokter-hewan","daftar","https://partners.slivadoc.com/kemitraan/dokter-hewan","ide editorial"
"pendaftaran kemitraan dokter hewan independen","dokter-hewan","daftar","https://partners.slivadoc.com/kemitraan/dokter-hewan","ide editorial"
"gabung partner dokter hewan independen","dokter-hewan","daftar","https://partners.slivadoc.com/kemitraan/dokter-hewan","ide editorial"
"cara daftar partner dokter hewan independen","dokter-hewan","panduan","https://partners.slivadoc.com/kemitraan/dokter-hewan","ide editorial"
"kerja sama dokter hewan independen dengan Slivadoc","dokter-hewan","kolaborasi","https://partners.slivadoc.com/kemitraan/dokter-hewan","ide editorial"
"program mitra dokter hewan independen Indonesia","dokter-hewan","kolaborasi","https://partners.slivadoc.com/kemitraan/dokter-hewan","ide editorial"
"menjadi mitra dokter hewan independen Slivadoc","dokter-hewan","daftar","https://partners.slivadoc.com/kemitraan/dokter-hewan","ide editorial"
"formulir pendaftaran dokter hewan independen","dokter-hewan","daftar","https://partners.slivadoc.com/kemitraan/dokter-hewan","ide editorial"
"syarat kemitraan dokter hewan independen","dokter-hewan","panduan","https://partners.slivadoc.com/kemitraan/dokter-hewan","ide editorial"
"pengajuan partner dokter hewan independen","dokter-hewan","daftar","https://partners.slivadoc.com/kemitraan/dokter-hewan","ide editorial"
"kolaborasi dokter hewan independen Slivadoc","dokter-hewan","kolaborasi","https://partners.slivadoc.com/kemitraan/dokter-hewan","ide editorial"
"daftar mitra praktik dokter hewan Slivadoc","dokter-hewan","daftar","https://partners.slivadoc.com/kemitraan/dokter-hewan","ide editorial"
"pendaftaran kemitraan praktik dokter hewan","dokter-hewan","daftar","https://partners.slivadoc.com/kemitraan/dokter-hewan","ide editorial"
"gabung partner praktik dokter hewan","dokter-hewan","daftar","https://partners.slivadoc.com/kemitraan/dokter-hewan","ide editorial"
"cara daftar partner praktik dokter hewan","dokter-hewan","panduan","https://partners.slivadoc.com/kemitraan/dokter-hewan","ide editorial"
"kerja sama praktik dokter hewan dengan Slivadoc","dokter-hewan","kolaborasi","https://partners.slivadoc.com/kemitraan/dokter-hewan","ide editorial"
"program mitra praktik dokter hewan Indonesia","dokter-hewan","kolaborasi","https://partners.slivadoc.com/kemitraan/dokter-hewan","ide editorial"
"menjadi mitra praktik dokter hewan Slivadoc","dokter-hewan","daftar","https://partners.slivadoc.com/kemitraan/dokter-hewan","ide editorial"
"formulir pendaftaran praktik dokter hewan","dokter-hewan","daftar","https://partners.slivadoc.com/kemitraan/dokter-hewan","ide editorial"
"syarat kemitraan praktik dokter hewan","dokter-hewan","panduan","https://partners.slivadoc.com/kemitraan/dokter-hewan","ide editorial"
"pengajuan partner praktik dokter hewan","dokter-hewan","daftar","https://partners.slivadoc.com/kemitraan/dokter-hewan","ide editorial"
"kolaborasi praktik dokter hewan Slivadoc","dokter-hewan","kolaborasi","https://partners.slivadoc.com/kemitraan/dokter-hewan","ide editorial"
"daftar mitra dokter hewan mandiri Slivadoc","dokter-hewan","daftar","https://partners.slivadoc.com/kemitraan/dokter-hewan","ide editorial"
"pendaftaran kemitraan dokter hewan mandiri","dokter-hewan","daftar","https://partners.slivadoc.com/kemitraan/dokter-hewan","ide editorial"
"gabung partner dokter hewan mandiri","dokter-hewan","daftar","https://partners.slivadoc.com/kemitraan/dokter-hewan","ide editorial"
"cara daftar partner dokter hewan mandiri","dokter-hewan","panduan","https://partners.slivadoc.com/kemitraan/dokter-hewan","ide editorial"
"kerja sama dokter hewan mandiri dengan Slivadoc","dokter-hewan","kolaborasi","https://partners.slivadoc.com/kemitraan/dokter-hewan","ide editorial"
"program mitra dokter hewan mandiri Indonesia","dokter-hewan","kolaborasi","https://partners.slivadoc.com/kemitraan/dokter-hewan","ide editorial"
"menjadi mitra dokter hewan mandiri Slivadoc","dokter-hewan","daftar","https://partners.slivadoc.com/kemitraan/dokter-hewan","ide editorial"
"formulir pendaftaran dokter hewan mandiri","dokter-hewan","daftar","https://partners.slivadoc.com/kemitraan/dokter-hewan","ide editorial"
"syarat kemitraan dokter hewan mandiri","dokter-hewan","panduan","https://partners.slivadoc.com/kemitraan/dokter-hewan","ide editorial"
"pengajuan partner dokter hewan mandiri","dokter-hewan","daftar","https://partners.slivadoc.com/kemitraan/dokter-hewan","ide editorial"
"kolaborasi dokter hewan mandiri Slivadoc","dokter-hewan","kolaborasi","https://partners.slivadoc.com/kemitraan/dokter-hewan","ide editorial"
"daftar mitra dokter hewan online Slivadoc","dokter-hewan","daftar","https://partners.slivadoc.com/kemitraan/dokter-hewan","ide editorial"
"pendaftaran kemitraan dokter hewan online","dokter-hewan","daftar","https://partners.slivadoc.com/kemitraan/dokter-hewan","ide editorial"
"gabung partner dokter hewan online","dokter-hewan","daftar","https://partners.slivadoc.com/kemitraan/dokter-hewan","ide editorial"
"cara daftar partner dokter hewan online","dokter-hewan","panduan","https://partners.slivadoc.com/kemitraan/dokter-hewan","ide editorial"
"kerja sama dokter hewan online dengan Slivadoc","dokter-hewan","kolaborasi","https://partners.slivadoc.com/kemitraan/dokter-hewan","ide editorial"
"program mitra dokter hewan online Indonesia","dokter-hewan","kolaborasi","https://partners.slivadoc.com/kemitraan/dokter-hewan","ide editorial"
"menjadi mitra dokter hewan online Slivadoc","dokter-hewan","daftar","https://partners.slivadoc.com/kemitraan/dokter-hewan","ide editorial"
"formulir pendaftaran dokter hewan online","dokter-hewan","daftar","https://partners.slivadoc.com/kemitraan/dokter-hewan","ide editorial"
"syarat kemitraan dokter hewan online","dokter-hewan","panduan","https://partners.slivadoc.com/kemitraan/dokter-hewan","ide editorial"
"pengajuan partner dokter hewan online","dokter-hewan","daftar","https://partners.slivadoc.com/kemitraan/dokter-hewan","ide editorial"
"kolaborasi dokter hewan online Slivadoc","dokter-hewan","kolaborasi","https://partners.slivadoc.com/kemitraan/dokter-hewan","ide editorial"
"daftar mitra dokter hewan home visit Slivadoc","dokter-hewan","daftar","https://partners.slivadoc.com/kemitraan/dokter-hewan","ide editorial"
"pendaftaran kemitraan dokter hewan home visit","dokter-hewan","daftar","https://partners.slivadoc.com/kemitraan/dokter-hewan","ide editorial"
"gabung partner dokter hewan home visit","dokter-hewan","daftar","https://partners.slivadoc.com/kemitraan/dokter-hewan","ide editorial"
"cara daftar partner dokter hewan home visit","dokter-hewan","panduan","https://partners.slivadoc.com/kemitraan/dokter-hewan","ide editorial"
"kerja sama dokter hewan home visit dengan Slivadoc","dokter-hewan","kolaborasi","https://partners.slivadoc.com/kemitraan/dokter-hewan","ide editorial"
"program mitra dokter hewan home visit Indonesia","dokter-hewan","kolaborasi","https://partners.slivadoc.com/kemitraan/dokter-hewan","ide editorial"
"menjadi mitra dokter hewan home visit Slivadoc","dokter-hewan","daftar","https://partners.slivadoc.com/kemitraan/dokter-hewan","ide editorial"
"formulir pendaftaran dokter hewan home visit","dokter-hewan","daftar","https://partners.slivadoc.com/kemitraan/dokter-hewan","ide editorial"
"syarat kemitraan dokter hewan home visit","dokter-hewan","panduan","https://partners.slivadoc.com/kemitraan/dokter-hewan","ide editorial"
"pengajuan partner dokter hewan home visit","dokter-hewan","daftar","https://partners.slivadoc.com/kemitraan/dokter-hewan","ide editorial"
"kolaborasi dokter hewan home visit Slivadoc","dokter-hewan","kolaborasi","https://partners.slivadoc.com/kemitraan/dokter-hewan","ide editorial"
"daftar mitra petshop Slivadoc","petshop","daftar","https://partners.slivadoc.com/kemitraan/petshop","ide editorial"
"pendaftaran kemitraan petshop","petshop","daftar","https://partners.slivadoc.com/kemitraan/petshop","ide editorial"
"gabung partner petshop","petshop","daftar","https://partners.slivadoc.com/kemitraan/petshop","ide editorial"
"cara daftar partner petshop","petshop","panduan","https://partners.slivadoc.com/kemitraan/petshop","ide editorial"
"kerja sama petshop dengan Slivadoc","petshop","kolaborasi","https://partners.slivadoc.com/kemitraan/petshop","ide editorial"
"program mitra petshop Indonesia","petshop","kolaborasi","https://partners.slivadoc.com/kemitraan/petshop","ide editorial"
"menjadi mitra petshop Slivadoc","petshop","daftar","https://partners.slivadoc.com/kemitraan/petshop","ide editorial"
"formulir pendaftaran petshop","petshop","daftar","https://partners.slivadoc.com/kemitraan/petshop","ide editorial"
"syarat kemitraan petshop","petshop","panduan","https://partners.slivadoc.com/kemitraan/petshop","ide editorial"
"pengajuan partner petshop","petshop","daftar","https://partners.slivadoc.com/kemitraan/petshop","ide editorial"
"kolaborasi petshop Slivadoc","petshop","kolaborasi","https://partners.slivadoc.com/kemitraan/petshop","ide editorial"
"daftar mitra pet shop Slivadoc","petshop","daftar","https://partners.slivadoc.com/kemitraan/petshop","ide editorial"
"pendaftaran kemitraan pet shop","petshop","daftar","https://partners.slivadoc.com/kemitraan/petshop","ide editorial"
"gabung partner pet shop","petshop","daftar","https://partners.slivadoc.com/kemitraan/petshop","ide editorial"
"cara daftar partner pet shop","petshop","panduan","https://partners.slivadoc.com/kemitraan/petshop","ide editorial"
"kerja sama pet shop dengan Slivadoc","petshop","kolaborasi","https://partners.slivadoc.com/kemitraan/petshop","ide editorial"
"program mitra pet shop Indonesia","petshop","kolaborasi","https://partners.slivadoc.com/kemitraan/petshop","ide editorial"
"menjadi mitra pet shop Slivadoc","petshop","daftar","https://partners.slivadoc.com/kemitraan/petshop","ide editorial"
"formulir pendaftaran pet shop","petshop","daftar","https://partners.slivadoc.com/kemitraan/petshop","ide editorial"
"syarat kemitraan pet shop","petshop","panduan","https://partners.slivadoc.com/kemitraan/petshop","ide editorial"
"pengajuan partner pet shop","petshop","daftar","https://partners.slivadoc.com/kemitraan/petshop","ide editorial"
"kolaborasi pet shop Slivadoc","petshop","kolaborasi","https://partners.slivadoc.com/kemitraan/petshop","ide editorial"
"daftar mitra toko hewan Slivadoc","petshop","daftar","https://partners.slivadoc.com/kemitraan/petshop","ide editorial"
"pendaftaran kemitraan toko hewan","petshop","daftar","https://partners.slivadoc.com/kemitraan/petshop","ide editorial"
"gabung partner toko hewan","petshop","daftar","https://partners.slivadoc.com/kemitraan/petshop","ide editorial"
"cara daftar partner toko hewan","petshop","panduan","https://partners.slivadoc.com/kemitraan/petshop","ide editorial"
"kerja sama toko hewan dengan Slivadoc","petshop","kolaborasi","https://partners.slivadoc.com/kemitraan/petshop","ide editorial"
"program mitra toko hewan Indonesia","petshop","kolaborasi","https://partners.slivadoc.com/kemitraan/petshop","ide editorial"
"menjadi mitra toko hewan Slivadoc","petshop","daftar","https://partners.slivadoc.com/kemitraan/petshop","ide editorial"
"formulir pendaftaran toko hewan","petshop","daftar","https://partners.slivadoc.com/kemitraan/petshop","ide editorial"
"syarat kemitraan toko hewan","petshop","panduan","https://partners.slivadoc.com/kemitraan/petshop","ide editorial"
"pengajuan partner toko hewan","petshop","daftar","https://partners.slivadoc.com/kemitraan/petshop","ide editorial"
"kolaborasi toko hewan Slivadoc","petshop","kolaborasi","https://partners.slivadoc.com/kemitraan/petshop","ide editorial"
"daftar mitra toko perlengkapan hewan Slivadoc","petshop","daftar","https://partners.slivadoc.com/kemitraan/petshop","ide editorial"
"pendaftaran kemitraan toko perlengkapan hewan","petshop","daftar","https://partners.slivadoc.com/kemitraan/petshop","ide editorial"
"gabung partner toko perlengkapan hewan","petshop","daftar","https://partners.slivadoc.com/kemitraan/petshop","ide editorial"
"cara daftar partner toko perlengkapan hewan","petshop","panduan","https://partners.slivadoc.com/kemitraan/petshop","ide editorial"
"kerja sama toko perlengkapan hewan dengan Slivadoc","petshop","kolaborasi","https://partners.slivadoc.com/kemitraan/petshop","ide editorial"
"program mitra toko perlengkapan hewan Indonesia","petshop","kolaborasi","https://partners.slivadoc.com/kemitraan/petshop","ide editorial"
"menjadi mitra toko perlengkapan hewan Slivadoc","petshop","daftar","https://partners.slivadoc.com/kemitraan/petshop","ide editorial"
"formulir pendaftaran toko perlengkapan hewan","petshop","daftar","https://partners.slivadoc.com/kemitraan/petshop","ide editorial"
"syarat kemitraan toko perlengkapan hewan","petshop","panduan","https://partners.slivadoc.com/kemitraan/petshop","ide editorial"
"pengajuan partner toko perlengkapan hewan","petshop","daftar","https://partners.slivadoc.com/kemitraan/petshop","ide editorial"
"kolaborasi toko perlengkapan hewan Slivadoc","petshop","kolaborasi","https://partners.slivadoc.com/kemitraan/petshop","ide editorial"
"daftar mitra toko makanan hewan Slivadoc","petshop","daftar","https://partners.slivadoc.com/kemitraan/petshop","ide editorial"
"pendaftaran kemitraan toko makanan hewan","petshop","daftar","https://partners.slivadoc.com/kemitraan/petshop","ide editorial"
"gabung partner toko makanan hewan","petshop","daftar","https://partners.slivadoc.com/kemitraan/petshop","ide editorial"
"cara daftar partner toko makanan hewan","petshop","panduan","https://partners.slivadoc.com/kemitraan/petshop","ide editorial"
"kerja sama toko makanan hewan dengan Slivadoc","petshop","kolaborasi","https://partners.slivadoc.com/kemitraan/petshop","ide editorial"
"program mitra toko makanan hewan Indonesia","petshop","kolaborasi","https://partners.slivadoc.com/kemitraan/petshop","ide editorial"
"menjadi mitra toko makanan hewan Slivadoc","petshop","daftar","https://partners.slivadoc.com/kemitraan/petshop","ide editorial"
"formulir pendaftaran toko makanan hewan","petshop","daftar","https://partners.slivadoc.com/kemitraan/petshop","ide editorial"
"syarat kemitraan toko makanan hewan","petshop","panduan","https://partners.slivadoc.com/kemitraan/petshop","ide editorial"
"pengajuan partner toko makanan hewan","petshop","daftar","https://partners.slivadoc.com/kemitraan/petshop","ide editorial"
"kolaborasi toko makanan hewan Slivadoc","petshop","kolaborasi","https://partners.slivadoc.com/kemitraan/petshop","ide editorial"
"daftar mitra grooming hewan Slivadoc","grooming-hewan","daftar","https://partners.slivadoc.com/kemitraan/grooming-hewan","ide editorial"
"pendaftaran kemitraan grooming hewan","grooming-hewan","daftar","https://partners.slivadoc.com/kemitraan/grooming-hewan","ide editorial"
"gabung partner grooming hewan","grooming-hewan","daftar","https://partners.slivadoc.com/kemitraan/grooming-hewan","ide editorial"
"cara daftar partner grooming hewan","grooming-hewan","panduan","https://partners.slivadoc.com/kemitraan/grooming-hewan","ide editorial"
"kerja sama grooming hewan dengan Slivadoc","grooming-hewan","kolaborasi","https://partners.slivadoc.com/kemitraan/grooming-hewan","ide editorial"
"program mitra grooming hewan Indonesia","grooming-hewan","kolaborasi","https://partners.slivadoc.com/kemitraan/grooming-hewan","ide editorial"
"menjadi mitra grooming hewan Slivadoc","grooming-hewan","daftar","https://partners.slivadoc.com/kemitraan/grooming-hewan","ide editorial"
"formulir pendaftaran grooming hewan","grooming-hewan","daftar","https://partners.slivadoc.com/kemitraan/grooming-hewan","ide editorial"
"syarat kemitraan grooming hewan","grooming-hewan","panduan","https://partners.slivadoc.com/kemitraan/grooming-hewan","ide editorial"
"pengajuan partner grooming hewan","grooming-hewan","daftar","https://partners.slivadoc.com/kemitraan/grooming-hewan","ide editorial"
"kolaborasi grooming hewan Slivadoc","grooming-hewan","kolaborasi","https://partners.slivadoc.com/kemitraan/grooming-hewan","ide editorial"
"daftar mitra salon hewan Slivadoc","grooming-hewan","daftar","https://partners.slivadoc.com/kemitraan/grooming-hewan","ide editorial"
"pendaftaran kemitraan salon hewan","grooming-hewan","daftar","https://partners.slivadoc.com/kemitraan/grooming-hewan","ide editorial"
"gabung partner salon hewan","grooming-hewan","daftar","https://partners.slivadoc.com/kemitraan/grooming-hewan","ide editorial"
"cara daftar partner salon hewan","grooming-hewan","panduan","https://partners.slivadoc.com/kemitraan/grooming-hewan","ide editorial"
"kerja sama salon hewan dengan Slivadoc","grooming-hewan","kolaborasi","https://partners.slivadoc.com/kemitraan/grooming-hewan","ide editorial"
"program mitra salon hewan Indonesia","grooming-hewan","kolaborasi","https://partners.slivadoc.com/kemitraan/grooming-hewan","ide editorial"
"menjadi mitra salon hewan Slivadoc","grooming-hewan","daftar","https://partners.slivadoc.com/kemitraan/grooming-hewan","ide editorial"
"formulir pendaftaran salon hewan","grooming-hewan","daftar","https://partners.slivadoc.com/kemitraan/grooming-hewan","ide editorial"
"syarat kemitraan salon hewan","grooming-hewan","panduan","https://partners.slivadoc.com/kemitraan/grooming-hewan","ide editorial"
"pengajuan partner salon hewan","grooming-hewan","daftar","https://partners.slivadoc.com/kemitraan/grooming-hewan","ide editorial"
"kolaborasi salon hewan Slivadoc","grooming-hewan","kolaborasi","https://partners.slivadoc.com/kemitraan/grooming-hewan","ide editorial"
"daftar mitra pet grooming Slivadoc","grooming-hewan","daftar","https://partners.slivadoc.com/kemitraan/grooming-hewan","ide editorial"
"pendaftaran kemitraan pet grooming","grooming-hewan","daftar","https://partners.slivadoc.com/kemitraan/grooming-hewan","ide editorial"
"gabung partner pet grooming","grooming-hewan","daftar","https://partners.slivadoc.com/kemitraan/grooming-hewan","ide editorial"
"cara daftar partner pet grooming","grooming-hewan","panduan","https://partners.slivadoc.com/kemitraan/grooming-hewan","ide editorial"
"kerja sama pet grooming dengan Slivadoc","grooming-hewan","kolaborasi","https://partners.slivadoc.com/kemitraan/grooming-hewan","ide editorial"
"program mitra pet grooming Indonesia","grooming-hewan","kolaborasi","https://partners.slivadoc.com/kemitraan/grooming-hewan","ide editorial"
"menjadi mitra pet grooming Slivadoc","grooming-hewan","daftar","https://partners.slivadoc.com/kemitraan/grooming-hewan","ide editorial"
"formulir pendaftaran pet grooming","grooming-hewan","daftar","https://partners.slivadoc.com/kemitraan/grooming-hewan","ide editorial"
"syarat kemitraan pet grooming","grooming-hewan","panduan","https://partners.slivadoc.com/kemitraan/grooming-hewan","ide editorial"
"pengajuan partner pet grooming","grooming-hewan","daftar","https://partners.slivadoc.com/kemitraan/grooming-hewan","ide editorial"
"kolaborasi pet grooming Slivadoc","grooming-hewan","kolaborasi","https://partners.slivadoc.com/kemitraan/grooming-hewan","ide editorial"
"daftar mitra salon anjing kucing Slivadoc","grooming-hewan","daftar","https://partners.slivadoc.com/kemitraan/grooming-hewan","ide editorial"
"pendaftaran kemitraan salon anjing kucing","grooming-hewan","daftar","https://partners.slivadoc.com/kemitraan/grooming-hewan","ide editorial"
"gabung partner salon anjing kucing","grooming-hewan","daftar","https://partners.slivadoc.com/kemitraan/grooming-hewan","ide editorial"
"cara daftar partner salon anjing kucing","grooming-hewan","panduan","https://partners.slivadoc.com/kemitraan/grooming-hewan","ide editorial"
"kerja sama salon anjing kucing dengan Slivadoc","grooming-hewan","kolaborasi","https://partners.slivadoc.com/kemitraan/grooming-hewan","ide editorial"
"program mitra salon anjing kucing Indonesia","grooming-hewan","kolaborasi","https://partners.slivadoc.com/kemitraan/grooming-hewan","ide editorial"
"menjadi mitra salon anjing kucing Slivadoc","grooming-hewan","daftar","https://partners.slivadoc.com/kemitraan/grooming-hewan","ide editorial"
"formulir pendaftaran salon anjing kucing","grooming-hewan","daftar","https://partners.slivadoc.com/kemitraan/grooming-hewan","ide editorial"
"syarat kemitraan salon anjing kucing","grooming-hewan","panduan","https://partners.slivadoc.com/kemitraan/grooming-hewan","ide editorial"
"pengajuan partner salon anjing kucing","grooming-hewan","daftar","https://partners.slivadoc.com/kemitraan/grooming-hewan","ide editorial"
"kolaborasi salon anjing kucing Slivadoc","grooming-hewan","kolaborasi","https://partners.slivadoc.com/kemitraan/grooming-hewan","ide editorial"
"daftar mitra jasa grooming pet Slivadoc","grooming-hewan","daftar","https://partners.slivadoc.com/kemitraan/grooming-hewan","ide editorial"
"pendaftaran kemitraan jasa grooming pet","grooming-hewan","daftar","https://partners.slivadoc.com/kemitraan/grooming-hewan","ide editorial"
"gabung partner jasa grooming pet","grooming-hewan","daftar","https://partners.slivadoc.com/kemitraan/grooming-hewan","ide editorial"
"cara daftar partner jasa grooming pet","grooming-hewan","panduan","https://partners.slivadoc.com/kemitraan/grooming-hewan","ide editorial"
"kerja sama jasa grooming pet dengan Slivadoc","grooming-hewan","kolaborasi","https://partners.slivadoc.com/kemitraan/grooming-hewan","ide editorial"
"program mitra jasa grooming pet Indonesia","grooming-hewan","kolaborasi","https://partners.slivadoc.com/kemitraan/grooming-hewan","ide editorial"
"menjadi mitra jasa grooming pet Slivadoc","grooming-hewan","daftar","https://partners.slivadoc.com/kemitraan/grooming-hewan","ide editorial"
"formulir pendaftaran jasa grooming pet","grooming-hewan","daftar","https://partners.slivadoc.com/kemitraan/grooming-hewan","ide editorial"
"syarat kemitraan jasa grooming pet","grooming-hewan","panduan","https://partners.slivadoc.com/kemitraan/grooming-hewan","ide editorial"
"pengajuan partner jasa grooming pet","grooming-hewan","daftar","https://partners.slivadoc.com/kemitraan/grooming-hewan","ide editorial"
"kolaborasi jasa grooming pet Slivadoc","grooming-hewan","kolaborasi","https://partners.slivadoc.com/kemitraan/grooming-hewan","ide editorial"
"daftar mitra pet hotel Slivadoc","pet-hotel-daycare","daftar","https://partners.slivadoc.com/kemitraan/pet-hotel-daycare","ide editorial"
"pendaftaran kemitraan pet hotel","pet-hotel-daycare","daftar","https://partners.slivadoc.com/kemitraan/pet-hotel-daycare","ide editorial"
"gabung partner pet hotel","pet-hotel-daycare","daftar","https://partners.slivadoc.com/kemitraan/pet-hotel-daycare","ide editorial"
"cara daftar partner pet hotel","pet-hotel-daycare","panduan","https://partners.slivadoc.com/kemitraan/pet-hotel-daycare","ide editorial"
"kerja sama pet hotel dengan Slivadoc","pet-hotel-daycare","kolaborasi","https://partners.slivadoc.com/kemitraan/pet-hotel-daycare","ide editorial"
"program mitra pet hotel Indonesia","pet-hotel-daycare","kolaborasi","https://partners.slivadoc.com/kemitraan/pet-hotel-daycare","ide editorial"
"menjadi mitra pet hotel Slivadoc","pet-hotel-daycare","daftar","https://partners.slivadoc.com/kemitraan/pet-hotel-daycare","ide editorial"
"formulir pendaftaran pet hotel","pet-hotel-daycare","daftar","https://partners.slivadoc.com/kemitraan/pet-hotel-daycare","ide editorial"
"syarat kemitraan pet hotel","pet-hotel-daycare","panduan","https://partners.slivadoc.com/kemitraan/pet-hotel-daycare","ide editorial"
"pengajuan partner pet hotel","pet-hotel-daycare","daftar","https://partners.slivadoc.com/kemitraan/pet-hotel-daycare","ide editorial"
"kolaborasi pet hotel Slivadoc","pet-hotel-daycare","kolaborasi","https://partners.slivadoc.com/kemitraan/pet-hotel-daycare","ide editorial"
"daftar mitra hotel hewan Slivadoc","pet-hotel-daycare","daftar","https://partners.slivadoc.com/kemitraan/pet-hotel-daycare","ide editorial"
"pendaftaran kemitraan hotel hewan","pet-hotel-daycare","daftar","https://partners.slivadoc.com/kemitraan/pet-hotel-daycare","ide editorial"
"gabung partner hotel hewan","pet-hotel-daycare","daftar","https://partners.slivadoc.com/kemitraan/pet-hotel-daycare","ide editorial"
"cara daftar partner hotel hewan","pet-hotel-daycare","panduan","https://partners.slivadoc.com/kemitraan/pet-hotel-daycare","ide editorial"
"kerja sama hotel hewan dengan Slivadoc","pet-hotel-daycare","kolaborasi","https://partners.slivadoc.com/kemitraan/pet-hotel-daycare","ide editorial"
"program mitra hotel hewan Indonesia","pet-hotel-daycare","kolaborasi","https://partners.slivadoc.com/kemitraan/pet-hotel-daycare","ide editorial"
"menjadi mitra hotel hewan Slivadoc","pet-hotel-daycare","daftar","https://partners.slivadoc.com/kemitraan/pet-hotel-daycare","ide editorial"
"formulir pendaftaran hotel hewan","pet-hotel-daycare","daftar","https://partners.slivadoc.com/kemitraan/pet-hotel-daycare","ide editorial"
"syarat kemitraan hotel hewan","pet-hotel-daycare","panduan","https://partners.slivadoc.com/kemitraan/pet-hotel-daycare","ide editorial"
"pengajuan partner hotel hewan","pet-hotel-daycare","daftar","https://partners.slivadoc.com/kemitraan/pet-hotel-daycare","ide editorial"
"kolaborasi hotel hewan Slivadoc","pet-hotel-daycare","kolaborasi","https://partners.slivadoc.com/kemitraan/pet-hotel-daycare","ide editorial"
"daftar mitra daycare hewan Slivadoc","pet-hotel-daycare","daftar","https://partners.slivadoc.com/kemitraan/pet-hotel-daycare","ide editorial"
"pendaftaran kemitraan daycare hewan","pet-hotel-daycare","daftar","https://partners.slivadoc.com/kemitraan/pet-hotel-daycare","ide editorial"
"gabung partner daycare hewan","pet-hotel-daycare","daftar","https://partners.slivadoc.com/kemitraan/pet-hotel-daycare","ide editorial"
"cara daftar partner daycare hewan","pet-hotel-daycare","panduan","https://partners.slivadoc.com/kemitraan/pet-hotel-daycare","ide editorial"
"kerja sama daycare hewan dengan Slivadoc","pet-hotel-daycare","kolaborasi","https://partners.slivadoc.com/kemitraan/pet-hotel-daycare","ide editorial"
"program mitra daycare hewan Indonesia","pet-hotel-daycare","kolaborasi","https://partners.slivadoc.com/kemitraan/pet-hotel-daycare","ide editorial"
"menjadi mitra daycare hewan Slivadoc","pet-hotel-daycare","daftar","https://partners.slivadoc.com/kemitraan/pet-hotel-daycare","ide editorial"
"formulir pendaftaran daycare hewan","pet-hotel-daycare","daftar","https://partners.slivadoc.com/kemitraan/pet-hotel-daycare","ide editorial"
"syarat kemitraan daycare hewan","pet-hotel-daycare","panduan","https://partners.slivadoc.com/kemitraan/pet-hotel-daycare","ide editorial"
"pengajuan partner daycare hewan","pet-hotel-daycare","daftar","https://partners.slivadoc.com/kemitraan/pet-hotel-daycare","ide editorial"
"kolaborasi daycare hewan Slivadoc","pet-hotel-daycare","kolaborasi","https://partners.slivadoc.com/kemitraan/pet-hotel-daycare","ide editorial"
"daftar mitra penitipan anjing kucing Slivadoc","pet-hotel-daycare","daftar","https://partners.slivadoc.com/kemitraan/pet-hotel-daycare","ide editorial"
"pendaftaran kemitraan penitipan anjing kucing","pet-hotel-daycare","daftar","https://partners.slivadoc.com/kemitraan/pet-hotel-daycare","ide editorial"
"gabung partner penitipan anjing kucing","pet-hotel-daycare","daftar","https://partners.slivadoc.com/kemitraan/pet-hotel-daycare","ide editorial"
"cara daftar partner penitipan anjing kucing","pet-hotel-daycare","panduan","https://partners.slivadoc.com/kemitraan/pet-hotel-daycare","ide editorial"
"kerja sama penitipan anjing kucing dengan Slivadoc","pet-hotel-daycare","kolaborasi","https://partners.slivadoc.com/kemitraan/pet-hotel-daycare","ide editorial"
"program mitra penitipan anjing kucing Indonesia","pet-hotel-daycare","kolaborasi","https://partners.slivadoc.com/kemitraan/pet-hotel-daycare","ide editorial"
"menjadi mitra penitipan anjing kucing Slivadoc","pet-hotel-daycare","daftar","https://partners.slivadoc.com/kemitraan/pet-hotel-daycare","ide editorial"
"formulir pendaftaran penitipan anjing kucing","pet-hotel-daycare","daftar","https://partners.slivadoc.com/kemitraan/pet-hotel-daycare","ide editorial"
"syarat kemitraan penitipan anjing kucing","pet-hotel-daycare","panduan","https://partners.slivadoc.com/kemitraan/pet-hotel-daycare","ide editorial"
"pengajuan partner penitipan anjing kucing","pet-hotel-daycare","daftar","https://partners.slivadoc.com/kemitraan/pet-hotel-daycare","ide editorial"
"kolaborasi penitipan anjing kucing Slivadoc","pet-hotel-daycare","kolaborasi","https://partners.slivadoc.com/kemitraan/pet-hotel-daycare","ide editorial"
"daftar mitra penitipan pet Slivadoc","pet-hotel-daycare","daftar","https://partners.slivadoc.com/kemitraan/pet-hotel-daycare","ide editorial"
"pendaftaran kemitraan penitipan pet","pet-hotel-daycare","daftar","https://partners.slivadoc.com/kemitraan/pet-hotel-daycare","ide editorial"
"gabung partner penitipan pet","pet-hotel-daycare","daftar","https://partners.slivadoc.com/kemitraan/pet-hotel-daycare","ide editorial"
"cara daftar partner penitipan pet","pet-hotel-daycare","panduan","https://partners.slivadoc.com/kemitraan/pet-hotel-daycare","ide editorial"
"kerja sama penitipan pet dengan Slivadoc","pet-hotel-daycare","kolaborasi","https://partners.slivadoc.com/kemitraan/pet-hotel-daycare","ide editorial"
"program mitra penitipan pet Indonesia","pet-hotel-daycare","kolaborasi","https://partners.slivadoc.com/kemitraan/pet-hotel-daycare","ide editorial"
"menjadi mitra penitipan pet Slivadoc","pet-hotel-daycare","daftar","https://partners.slivadoc.com/kemitraan/pet-hotel-daycare","ide editorial"
"formulir pendaftaran penitipan pet","pet-hotel-daycare","daftar","https://partners.slivadoc.com/kemitraan/pet-hotel-daycare","ide editorial"
"syarat kemitraan penitipan pet","pet-hotel-daycare","panduan","https://partners.slivadoc.com/kemitraan/pet-hotel-daycare","ide editorial"
"pengajuan partner penitipan pet","pet-hotel-daycare","daftar","https://partners.slivadoc.com/kemitraan/pet-hotel-daycare","ide editorial"
"kolaborasi penitipan pet Slivadoc","pet-hotel-daycare","kolaborasi","https://partners.slivadoc.com/kemitraan/pet-hotel-daycare","ide editorial"
"daftar mitra home service hewan Slivadoc","home-service-hewan","daftar","https://partners.slivadoc.com/kemitraan/home-service-hewan","ide editorial"
"pendaftaran kemitraan home service hewan","home-service-hewan","daftar","https://partners.slivadoc.com/kemitraan/home-service-hewan","ide editorial"
"gabung partner home service hewan","home-service-hewan","daftar","https://partners.slivadoc.com/kemitraan/home-service-hewan","ide editorial"
"cara daftar partner home service hewan","home-service-hewan","panduan","https://partners.slivadoc.com/kemitraan/home-service-hewan","ide editorial"
"kerja sama home service hewan dengan Slivadoc","home-service-hewan","kolaborasi","https://partners.slivadoc.com/kemitraan/home-service-hewan","ide editorial"
"program mitra home service hewan Indonesia","home-service-hewan","kolaborasi","https://partners.slivadoc.com/kemitraan/home-service-hewan","ide editorial"
"menjadi mitra home service hewan Slivadoc","home-service-hewan","daftar","https://partners.slivadoc.com/kemitraan/home-service-hewan","ide editorial"
"formulir pendaftaran home service hewan","home-service-hewan","daftar","https://partners.slivadoc.com/kemitraan/home-service-hewan","ide editorial"
"syarat kemitraan home service hewan","home-service-hewan","panduan","https://partners.slivadoc.com/kemitraan/home-service-hewan","ide editorial"
"pengajuan partner home service hewan","home-service-hewan","daftar","https://partners.slivadoc.com/kemitraan/home-service-hewan","ide editorial"
"kolaborasi home service hewan Slivadoc","home-service-hewan","kolaborasi","https://partners.slivadoc.com/kemitraan/home-service-hewan","ide editorial"
"daftar mitra pet care ke rumah Slivadoc","home-service-hewan","daftar","https://partners.slivadoc.com/kemitraan/home-service-hewan","ide editorial"
"pendaftaran kemitraan pet care ke rumah","home-service-hewan","daftar","https://partners.slivadoc.com/kemitraan/home-service-hewan","ide editorial"
"gabung partner pet care ke rumah","home-service-hewan","daftar","https://partners.slivadoc.com/kemitraan/home-service-hewan","ide editorial"
"cara daftar partner pet care ke rumah","home-service-hewan","panduan","https://partners.slivadoc.com/kemitraan/home-service-hewan","ide editorial"
"kerja sama pet care ke rumah dengan Slivadoc","home-service-hewan","kolaborasi","https://partners.slivadoc.com/kemitraan/home-service-hewan","ide editorial"
"program mitra pet care ke rumah Indonesia","home-service-hewan","kolaborasi","https://partners.slivadoc.com/kemitraan/home-service-hewan","ide editorial"
"menjadi mitra pet care ke rumah Slivadoc","home-service-hewan","daftar","https://partners.slivadoc.com/kemitraan/home-service-hewan","ide editorial"
"formulir pendaftaran pet care ke rumah","home-service-hewan","daftar","https://partners.slivadoc.com/kemitraan/home-service-hewan","ide editorial"
"syarat kemitraan pet care ke rumah","home-service-hewan","panduan","https://partners.slivadoc.com/kemitraan/home-service-hewan","ide editorial"
"pengajuan partner pet care ke rumah","home-service-hewan","daftar","https://partners.slivadoc.com/kemitraan/home-service-hewan","ide editorial"
"kolaborasi pet care ke rumah Slivadoc","home-service-hewan","kolaborasi","https://partners.slivadoc.com/kemitraan/home-service-hewan","ide editorial"
"daftar mitra layanan hewan ke rumah Slivadoc","home-service-hewan","daftar","https://partners.slivadoc.com/kemitraan/home-service-hewan","ide editorial"
"pendaftaran kemitraan layanan hewan ke rumah","home-service-hewan","daftar","https://partners.slivadoc.com/kemitraan/home-service-hewan","ide editorial"
"gabung partner layanan hewan ke rumah","home-service-hewan","daftar","https://partners.slivadoc.com/kemitraan/home-service-hewan","ide editorial"
"cara daftar partner layanan hewan ke rumah","home-service-hewan","panduan","https://partners.slivadoc.com/kemitraan/home-service-hewan","ide editorial"
"kerja sama layanan hewan ke rumah dengan Slivadoc","home-service-hewan","kolaborasi","https://partners.slivadoc.com/kemitraan/home-service-hewan","ide editorial"
"program mitra layanan hewan ke rumah Indonesia","home-service-hewan","kolaborasi","https://partners.slivadoc.com/kemitraan/home-service-hewan","ide editorial"
"menjadi mitra layanan hewan ke rumah Slivadoc","home-service-hewan","daftar","https://partners.slivadoc.com/kemitraan/home-service-hewan","ide editorial"
"formulir pendaftaran layanan hewan ke rumah","home-service-hewan","daftar","https://partners.slivadoc.com/kemitraan/home-service-hewan","ide editorial"
"syarat kemitraan layanan hewan ke rumah","home-service-hewan","panduan","https://partners.slivadoc.com/kemitraan/home-service-hewan","ide editorial"
"pengajuan partner layanan hewan ke rumah","home-service-hewan","daftar","https://partners.slivadoc.com/kemitraan/home-service-hewan","ide editorial"
"kolaborasi layanan hewan ke rumah Slivadoc","home-service-hewan","kolaborasi","https://partners.slivadoc.com/kemitraan/home-service-hewan","ide editorial"
"daftar mitra perawatan pet di rumah Slivadoc","home-service-hewan","daftar","https://partners.slivadoc.com/kemitraan/home-service-hewan","ide editorial"
"pendaftaran kemitraan perawatan pet di rumah","home-service-hewan","daftar","https://partners.slivadoc.com/kemitraan/home-service-hewan","ide editorial"
"gabung partner perawatan pet di rumah","home-service-hewan","daftar","https://partners.slivadoc.com/kemitraan/home-service-hewan","ide editorial"
"cara daftar partner perawatan pet di rumah","home-service-hewan","panduan","https://partners.slivadoc.com/kemitraan/home-service-hewan","ide editorial"
"kerja sama perawatan pet di rumah dengan Slivadoc","home-service-hewan","kolaborasi","https://partners.slivadoc.com/kemitraan/home-service-hewan","ide editorial"
"program mitra perawatan pet di rumah Indonesia","home-service-hewan","kolaborasi","https://partners.slivadoc.com/kemitraan/home-service-hewan","ide editorial"
"menjadi mitra perawatan pet di rumah Slivadoc","home-service-hewan","daftar","https://partners.slivadoc.com/kemitraan/home-service-hewan","ide editorial"
"formulir pendaftaran perawatan pet di rumah","home-service-hewan","daftar","https://partners.slivadoc.com/kemitraan/home-service-hewan","ide editorial"
"syarat kemitraan perawatan pet di rumah","home-service-hewan","panduan","https://partners.slivadoc.com/kemitraan/home-service-hewan","ide editorial"
"pengajuan partner perawatan pet di rumah","home-service-hewan","daftar","https://partners.slivadoc.com/kemitraan/home-service-hewan","ide editorial"
"kolaborasi perawatan pet di rumah Slivadoc","home-service-hewan","kolaborasi","https://partners.slivadoc.com/kemitraan/home-service-hewan","ide editorial"
"daftar mitra jasa kunjungan pet Slivadoc","home-service-hewan","daftar","https://partners.slivadoc.com/kemitraan/home-service-hewan","ide editorial"
"pendaftaran kemitraan jasa kunjungan pet","home-service-hewan","daftar","https://partners.slivadoc.com/kemitraan/home-service-hewan","ide editorial"
"gabung partner jasa kunjungan pet","home-service-hewan","daftar","https://partners.slivadoc.com/kemitraan/home-service-hewan","ide editorial"
"cara daftar partner jasa kunjungan pet","home-service-hewan","panduan","https://partners.slivadoc.com/kemitraan/home-service-hewan","ide editorial"
"kerja sama jasa kunjungan pet dengan Slivadoc","home-service-hewan","kolaborasi","https://partners.slivadoc.com/kemitraan/home-service-hewan","ide editorial"
"program mitra jasa kunjungan pet Indonesia","home-service-hewan","kolaborasi","https://partners.slivadoc.com/kemitraan/home-service-hewan","ide editorial"
"menjadi mitra jasa kunjungan pet Slivadoc","home-service-hewan","daftar","https://partners.slivadoc.com/kemitraan/home-service-hewan","ide editorial"
"formulir pendaftaran jasa kunjungan pet","home-service-hewan","daftar","https://partners.slivadoc.com/kemitraan/home-service-hewan","ide editorial"
"syarat kemitraan jasa kunjungan pet","home-service-hewan","panduan","https://partners.slivadoc.com/kemitraan/home-service-hewan","ide editorial"
"pengajuan partner jasa kunjungan pet","home-service-hewan","daftar","https://partners.slivadoc.com/kemitraan/home-service-hewan","ide editorial"
"kolaborasi jasa kunjungan pet Slivadoc","home-service-hewan","kolaborasi","https://partners.slivadoc.com/kemitraan/home-service-hewan","ide editorial"
"daftar mitra pet academy Slivadoc","pet-academy","daftar","https://partners.slivadoc.com/kemitraan/pet-academy","ide editorial"
"pendaftaran kemitraan pet academy","pet-academy","daftar","https://partners.slivadoc.com/kemitraan/pet-academy","ide editorial"
"gabung partner pet academy","pet-academy","daftar","https://partners.slivadoc.com/kemitraan/pet-academy","ide editorial"
"cara daftar partner pet academy","pet-academy","panduan","https://partners.slivadoc.com/kemitraan/pet-academy","ide editorial"
"kerja sama pet academy dengan Slivadoc","pet-academy","kolaborasi","https://partners.slivadoc.com/kemitraan/pet-academy","ide editorial"
"program mitra pet academy Indonesia","pet-academy","kolaborasi","https://partners.slivadoc.com/kemitraan/pet-academy","ide editorial"
"menjadi mitra pet academy Slivadoc","pet-academy","daftar","https://partners.slivadoc.com/kemitraan/pet-academy","ide editorial"
"formulir pendaftaran pet academy","pet-academy","daftar","https://partners.slivadoc.com/kemitraan/pet-academy","ide editorial"
"syarat kemitraan pet academy","pet-academy","panduan","https://partners.slivadoc.com/kemitraan/pet-academy","ide editorial"
"pengajuan partner pet academy","pet-academy","daftar","https://partners.slivadoc.com/kemitraan/pet-academy","ide editorial"
"kolaborasi pet academy Slivadoc","pet-academy","kolaborasi","https://partners.slivadoc.com/kemitraan/pet-academy","ide editorial"
"daftar mitra sekolah anjing Slivadoc","pet-academy","daftar","https://partners.slivadoc.com/kemitraan/pet-academy","ide editorial"
"pendaftaran kemitraan sekolah anjing","pet-academy","daftar","https://partners.slivadoc.com/kemitraan/pet-academy","ide editorial"
"gabung partner sekolah anjing","pet-academy","daftar","https://partners.slivadoc.com/kemitraan/pet-academy","ide editorial"
"cara daftar partner sekolah anjing","pet-academy","panduan","https://partners.slivadoc.com/kemitraan/pet-academy","ide editorial"
"kerja sama sekolah anjing dengan Slivadoc","pet-academy","kolaborasi","https://partners.slivadoc.com/kemitraan/pet-academy","ide editorial"
"program mitra sekolah anjing Indonesia","pet-academy","kolaborasi","https://partners.slivadoc.com/kemitraan/pet-academy","ide editorial"
"menjadi mitra sekolah anjing Slivadoc","pet-academy","daftar","https://partners.slivadoc.com/kemitraan/pet-academy","ide editorial"
"formulir pendaftaran sekolah anjing","pet-academy","daftar","https://partners.slivadoc.com/kemitraan/pet-academy","ide editorial"
"syarat kemitraan sekolah anjing","pet-academy","panduan","https://partners.slivadoc.com/kemitraan/pet-academy","ide editorial"
"pengajuan partner sekolah anjing","pet-academy","daftar","https://partners.slivadoc.com/kemitraan/pet-academy","ide editorial"
"kolaborasi sekolah anjing Slivadoc","pet-academy","kolaborasi","https://partners.slivadoc.com/kemitraan/pet-academy","ide editorial"
"daftar mitra akademi pelatihan hewan Slivadoc","pet-academy","daftar","https://partners.slivadoc.com/kemitraan/pet-academy","ide editorial"
"pendaftaran kemitraan akademi pelatihan hewan","pet-academy","daftar","https://partners.slivadoc.com/kemitraan/pet-academy","ide editorial"
"gabung partner akademi pelatihan hewan","pet-academy","daftar","https://partners.slivadoc.com/kemitraan/pet-academy","ide editorial"
"cara daftar partner akademi pelatihan hewan","pet-academy","panduan","https://partners.slivadoc.com/kemitraan/pet-academy","ide editorial"
"kerja sama akademi pelatihan hewan dengan Slivadoc","pet-academy","kolaborasi","https://partners.slivadoc.com/kemitraan/pet-academy","ide editorial"
"program mitra akademi pelatihan hewan Indonesia","pet-academy","kolaborasi","https://partners.slivadoc.com/kemitraan/pet-academy","ide editorial"
"menjadi mitra akademi pelatihan hewan Slivadoc","pet-academy","daftar","https://partners.slivadoc.com/kemitraan/pet-academy","ide editorial"
"formulir pendaftaran akademi pelatihan hewan","pet-academy","daftar","https://partners.slivadoc.com/kemitraan/pet-academy","ide editorial"
"syarat kemitraan akademi pelatihan hewan","pet-academy","panduan","https://partners.slivadoc.com/kemitraan/pet-academy","ide editorial"
"pengajuan partner akademi pelatihan hewan","pet-academy","daftar","https://partners.slivadoc.com/kemitraan/pet-academy","ide editorial"
"kolaborasi akademi pelatihan hewan Slivadoc","pet-academy","kolaborasi","https://partners.slivadoc.com/kemitraan/pet-academy","ide editorial"
"daftar mitra kelas edukasi pet Slivadoc","pet-academy","daftar","https://partners.slivadoc.com/kemitraan/pet-academy","ide editorial"
"pendaftaran kemitraan kelas edukasi pet","pet-academy","daftar","https://partners.slivadoc.com/kemitraan/pet-academy","ide editorial"
"gabung partner kelas edukasi pet","pet-academy","daftar","https://partners.slivadoc.com/kemitraan/pet-academy","ide editorial"
"cara daftar partner kelas edukasi pet","pet-academy","panduan","https://partners.slivadoc.com/kemitraan/pet-academy","ide editorial"
"kerja sama kelas edukasi pet dengan Slivadoc","pet-academy","kolaborasi","https://partners.slivadoc.com/kemitraan/pet-academy","ide editorial"
"program mitra kelas edukasi pet Indonesia","pet-academy","kolaborasi","https://partners.slivadoc.com/kemitraan/pet-academy","ide editorial"
"menjadi mitra kelas edukasi pet Slivadoc","pet-academy","daftar","https://partners.slivadoc.com/kemitraan/pet-academy","ide editorial"
"formulir pendaftaran kelas edukasi pet","pet-academy","daftar","https://partners.slivadoc.com/kemitraan/pet-academy","ide editorial"
"syarat kemitraan kelas edukasi pet","pet-academy","panduan","https://partners.slivadoc.com/kemitraan/pet-academy","ide editorial"
"pengajuan partner kelas edukasi pet","pet-academy","daftar","https://partners.slivadoc.com/kemitraan/pet-academy","ide editorial"
"kolaborasi kelas edukasi pet Slivadoc","pet-academy","kolaborasi","https://partners.slivadoc.com/kemitraan/pet-academy","ide editorial"
"daftar mitra lembaga training hewan Slivadoc","pet-academy","daftar","https://partners.slivadoc.com/kemitraan/pet-academy","ide editorial"
"pendaftaran kemitraan lembaga training hewan","pet-academy","daftar","https://partners.slivadoc.com/kemitraan/pet-academy","ide editorial"
"gabung partner lembaga training hewan","pet-academy","daftar","https://partners.slivadoc.com/kemitraan/pet-academy","ide editorial"
"cara daftar partner lembaga training hewan","pet-academy","panduan","https://partners.slivadoc.com/kemitraan/pet-academy","ide editorial"
"kerja sama lembaga training hewan dengan Slivadoc","pet-academy","kolaborasi","https://partners.slivadoc.com/kemitraan/pet-academy","ide editorial"
"program mitra lembaga training hewan Indonesia","pet-academy","kolaborasi","https://partners.slivadoc.com/kemitraan/pet-academy","ide editorial"
"menjadi mitra lembaga training hewan Slivadoc","pet-academy","daftar","https://partners.slivadoc.com/kemitraan/pet-academy","ide editorial"
"formulir pendaftaran lembaga training hewan","pet-academy","daftar","https://partners.slivadoc.com/kemitraan/pet-academy","ide editorial"
"syarat kemitraan lembaga training hewan","pet-academy","panduan","https://partners.slivadoc.com/kemitraan/pet-academy","ide editorial"
"pengajuan partner lembaga training hewan","pet-academy","daftar","https://partners.slivadoc.com/kemitraan/pet-academy","ide editorial"
"kolaborasi lembaga training hewan Slivadoc","pet-academy","kolaborasi","https://partners.slivadoc.com/kemitraan/pet-academy","ide editorial"
"daftar mitra apotek hewan Slivadoc","apotek-hewan","daftar","https://partners.slivadoc.com/kemitraan/apotek-hewan","ide editorial"
"pendaftaran kemitraan apotek hewan","apotek-hewan","daftar","https://partners.slivadoc.com/kemitraan/apotek-hewan","ide editorial"
"gabung partner apotek hewan","apotek-hewan","daftar","https://partners.slivadoc.com/kemitraan/apotek-hewan","ide editorial"
"cara daftar partner apotek hewan","apotek-hewan","panduan","https://partners.slivadoc.com/kemitraan/apotek-hewan","ide editorial"
"kerja sama apotek hewan dengan Slivadoc","apotek-hewan","kolaborasi","https://partners.slivadoc.com/kemitraan/apotek-hewan","ide editorial"
"program mitra apotek hewan Indonesia","apotek-hewan","kolaborasi","https://partners.slivadoc.com/kemitraan/apotek-hewan","ide editorial"
"menjadi mitra apotek hewan Slivadoc","apotek-hewan","daftar","https://partners.slivadoc.com/kemitraan/apotek-hewan","ide editorial"
"formulir pendaftaran apotek hewan","apotek-hewan","daftar","https://partners.slivadoc.com/kemitraan/apotek-hewan","ide editorial"
"syarat kemitraan apotek hewan","apotek-hewan","panduan","https://partners.slivadoc.com/kemitraan/apotek-hewan","ide editorial"
"pengajuan partner apotek hewan","apotek-hewan","daftar","https://partners.slivadoc.com/kemitraan/apotek-hewan","ide editorial"
"kolaborasi apotek hewan Slivadoc","apotek-hewan","kolaborasi","https://partners.slivadoc.com/kemitraan/apotek-hewan","ide editorial"
"daftar mitra pet pharmacy Slivadoc","apotek-hewan","daftar","https://partners.slivadoc.com/kemitraan/apotek-hewan","ide editorial"
"pendaftaran kemitraan pet pharmacy","apotek-hewan","daftar","https://partners.slivadoc.com/kemitraan/apotek-hewan","ide editorial"
"gabung partner pet pharmacy","apotek-hewan","daftar","https://partners.slivadoc.com/kemitraan/apotek-hewan","ide editorial"
"cara daftar partner pet pharmacy","apotek-hewan","panduan","https://partners.slivadoc.com/kemitraan/apotek-hewan","ide editorial"
"kerja sama pet pharmacy dengan Slivadoc","apotek-hewan","kolaborasi","https://partners.slivadoc.com/kemitraan/apotek-hewan","ide editorial"
"program mitra pet pharmacy Indonesia","apotek-hewan","kolaborasi","https://partners.slivadoc.com/kemitraan/apotek-hewan","ide editorial"
"menjadi mitra pet pharmacy Slivadoc","apotek-hewan","daftar","https://partners.slivadoc.com/kemitraan/apotek-hewan","ide editorial"
"formulir pendaftaran pet pharmacy","apotek-hewan","daftar","https://partners.slivadoc.com/kemitraan/apotek-hewan","ide editorial"
"syarat kemitraan pet pharmacy","apotek-hewan","panduan","https://partners.slivadoc.com/kemitraan/apotek-hewan","ide editorial"
"pengajuan partner pet pharmacy","apotek-hewan","daftar","https://partners.slivadoc.com/kemitraan/apotek-hewan","ide editorial"
"kolaborasi pet pharmacy Slivadoc","apotek-hewan","kolaborasi","https://partners.slivadoc.com/kemitraan/apotek-hewan","ide editorial"
"daftar mitra toko obat hewan Slivadoc","apotek-hewan","daftar","https://partners.slivadoc.com/kemitraan/apotek-hewan","ide editorial"
"pendaftaran kemitraan toko obat hewan","apotek-hewan","daftar","https://partners.slivadoc.com/kemitraan/apotek-hewan","ide editorial"
"gabung partner toko obat hewan","apotek-hewan","daftar","https://partners.slivadoc.com/kemitraan/apotek-hewan","ide editorial"
"cara daftar partner toko obat hewan","apotek-hewan","panduan","https://partners.slivadoc.com/kemitraan/apotek-hewan","ide editorial"
"kerja sama toko obat hewan dengan Slivadoc","apotek-hewan","kolaborasi","https://partners.slivadoc.com/kemitraan/apotek-hewan","ide editorial"
"program mitra toko obat hewan Indonesia","apotek-hewan","kolaborasi","https://partners.slivadoc.com/kemitraan/apotek-hewan","ide editorial"
"menjadi mitra toko obat hewan Slivadoc","apotek-hewan","daftar","https://partners.slivadoc.com/kemitraan/apotek-hewan","ide editorial"
"formulir pendaftaran toko obat hewan","apotek-hewan","daftar","https://partners.slivadoc.com/kemitraan/apotek-hewan","ide editorial"
"syarat kemitraan toko obat hewan","apotek-hewan","panduan","https://partners.slivadoc.com/kemitraan/apotek-hewan","ide editorial"
"pengajuan partner toko obat hewan","apotek-hewan","daftar","https://partners.slivadoc.com/kemitraan/apotek-hewan","ide editorial"
"kolaborasi toko obat hewan Slivadoc","apotek-hewan","kolaborasi","https://partners.slivadoc.com/kemitraan/apotek-hewan","ide editorial"
"daftar mitra apotek pet Slivadoc","apotek-hewan","daftar","https://partners.slivadoc.com/kemitraan/apotek-hewan","ide editorial"
"pendaftaran kemitraan apotek pet","apotek-hewan","daftar","https://partners.slivadoc.com/kemitraan/apotek-hewan","ide editorial"
"gabung partner apotek pet","apotek-hewan","daftar","https://partners.slivadoc.com/kemitraan/apotek-hewan","ide editorial"
"cara daftar partner apotek pet","apotek-hewan","panduan","https://partners.slivadoc.com/kemitraan/apotek-hewan","ide editorial"
"kerja sama apotek pet dengan Slivadoc","apotek-hewan","kolaborasi","https://partners.slivadoc.com/kemitraan/apotek-hewan","ide editorial"
"program mitra apotek pet Indonesia","apotek-hewan","kolaborasi","https://partners.slivadoc.com/kemitraan/apotek-hewan","ide editorial"
"menjadi mitra apotek pet Slivadoc","apotek-hewan","daftar","https://partners.slivadoc.com/kemitraan/apotek-hewan","ide editorial"
"formulir pendaftaran apotek pet","apotek-hewan","daftar","https://partners.slivadoc.com/kemitraan/apotek-hewan","ide editorial"
"syarat kemitraan apotek pet","apotek-hewan","panduan","https://partners.slivadoc.com/kemitraan/apotek-hewan","ide editorial"
"pengajuan partner apotek pet","apotek-hewan","daftar","https://partners.slivadoc.com/kemitraan/apotek-hewan","ide editorial"
"kolaborasi apotek pet Slivadoc","apotek-hewan","kolaborasi","https://partners.slivadoc.com/kemitraan/apotek-hewan","ide editorial"
"daftar mitra penyedia produk kesehatan hewan Slivadoc","apotek-hewan","daftar","https://partners.slivadoc.com/kemitraan/apotek-hewan","ide editorial"
"pendaftaran kemitraan penyedia produk kesehatan hewan","apotek-hewan","daftar","https://partners.slivadoc.com/kemitraan/apotek-hewan","ide editorial"
"gabung partner penyedia produk kesehatan hewan","apotek-hewan","daftar","https://partners.slivadoc.com/kemitraan/apotek-hewan","ide editorial"
"cara daftar partner penyedia produk kesehatan hewan","apotek-hewan","panduan","https://partners.slivadoc.com/kemitraan/apotek-hewan","ide editorial"
"kerja sama penyedia produk kesehatan hewan dengan Slivadoc","apotek-hewan","kolaborasi","https://partners.slivadoc.com/kemitraan/apotek-hewan","ide editorial"
"program mitra penyedia produk kesehatan hewan Indonesia","apotek-hewan","kolaborasi","https://partners.slivadoc.com/kemitraan/apotek-hewan","ide editorial"
"menjadi mitra penyedia produk kesehatan hewan Slivadoc","apotek-hewan","daftar","https://partners.slivadoc.com/kemitraan/apotek-hewan","ide editorial"
"formulir pendaftaran penyedia produk kesehatan hewan","apotek-hewan","daftar","https://partners.slivadoc.com/kemitraan/apotek-hewan","ide editorial"
"syarat kemitraan penyedia produk kesehatan hewan","apotek-hewan","panduan","https://partners.slivadoc.com/kemitraan/apotek-hewan","ide editorial"
"pengajuan partner penyedia produk kesehatan hewan","apotek-hewan","daftar","https://partners.slivadoc.com/kemitraan/apotek-hewan","ide editorial"
"kolaborasi penyedia produk kesehatan hewan Slivadoc","apotek-hewan","kolaborasi","https://partners.slivadoc.com/kemitraan/apotek-hewan","ide editorial"
"daftar mitra laboratorium hewan Slivadoc","laboratorium-hewan","daftar","https://partners.slivadoc.com/kemitraan/laboratorium-hewan","ide editorial"
"pendaftaran kemitraan laboratorium hewan","laboratorium-hewan","daftar","https://partners.slivadoc.com/kemitraan/laboratorium-hewan","ide editorial"
"gabung partner laboratorium hewan","laboratorium-hewan","daftar","https://partners.slivadoc.com/kemitraan/laboratorium-hewan","ide editorial"
"cara daftar partner laboratorium hewan","laboratorium-hewan","panduan","https://partners.slivadoc.com/kemitraan/laboratorium-hewan","ide editorial"
"kerja sama laboratorium hewan dengan Slivadoc","laboratorium-hewan","kolaborasi","https://partners.slivadoc.com/kemitraan/laboratorium-hewan","ide editorial"
"program mitra laboratorium hewan Indonesia","laboratorium-hewan","kolaborasi","https://partners.slivadoc.com/kemitraan/laboratorium-hewan","ide editorial"
"menjadi mitra laboratorium hewan Slivadoc","laboratorium-hewan","daftar","https://partners.slivadoc.com/kemitraan/laboratorium-hewan","ide editorial"
"formulir pendaftaran laboratorium hewan","laboratorium-hewan","daftar","https://partners.slivadoc.com/kemitraan/laboratorium-hewan","ide editorial"
"syarat kemitraan laboratorium hewan","laboratorium-hewan","panduan","https://partners.slivadoc.com/kemitraan/laboratorium-hewan","ide editorial"
"pengajuan partner laboratorium hewan","laboratorium-hewan","daftar","https://partners.slivadoc.com/kemitraan/laboratorium-hewan","ide editorial"
"kolaborasi laboratorium hewan Slivadoc","laboratorium-hewan","kolaborasi","https://partners.slivadoc.com/kemitraan/laboratorium-hewan","ide editorial"
"daftar mitra lab veteriner Slivadoc","laboratorium-hewan","daftar","https://partners.slivadoc.com/kemitraan/laboratorium-hewan","ide editorial"
"pendaftaran kemitraan lab veteriner","laboratorium-hewan","daftar","https://partners.slivadoc.com/kemitraan/laboratorium-hewan","ide editorial"
"gabung partner lab veteriner","laboratorium-hewan","daftar","https://partners.slivadoc.com/kemitraan/laboratorium-hewan","ide editorial"
"cara daftar partner lab veteriner","laboratorium-hewan","panduan","https://partners.slivadoc.com/kemitraan/laboratorium-hewan","ide editorial"
"kerja sama lab veteriner dengan Slivadoc","laboratorium-hewan","kolaborasi","https://partners.slivadoc.com/kemitraan/laboratorium-hewan","ide editorial"
"program mitra lab veteriner Indonesia","laboratorium-hewan","kolaborasi","https://partners.slivadoc.com/kemitraan/laboratorium-hewan","ide editorial"
"menjadi mitra lab veteriner Slivadoc","laboratorium-hewan","daftar","https://partners.slivadoc.com/kemitraan/laboratorium-hewan","ide editorial"
"formulir pendaftaran lab veteriner","laboratorium-hewan","daftar","https://partners.slivadoc.com/kemitraan/laboratorium-hewan","ide editorial"
"syarat kemitraan lab veteriner","laboratorium-hewan","panduan","https://partners.slivadoc.com/kemitraan/laboratorium-hewan","ide editorial"
"pengajuan partner lab veteriner","laboratorium-hewan","daftar","https://partners.slivadoc.com/kemitraan/laboratorium-hewan","ide editorial"
"kolaborasi lab veteriner Slivadoc","laboratorium-hewan","kolaborasi","https://partners.slivadoc.com/kemitraan/laboratorium-hewan","ide editorial"
"daftar mitra laboratorium diagnostik hewan Slivadoc","laboratorium-hewan","daftar","https://partners.slivadoc.com/kemitraan/laboratorium-hewan","ide editorial"
"pendaftaran kemitraan laboratorium diagnostik hewan","laboratorium-hewan","daftar","https://partners.slivadoc.com/kemitraan/laboratorium-hewan","ide editorial"
"gabung partner laboratorium diagnostik hewan","laboratorium-hewan","daftar","https://partners.slivadoc.com/kemitraan/laboratorium-hewan","ide editorial"
"cara daftar partner laboratorium diagnostik hewan","laboratorium-hewan","panduan","https://partners.slivadoc.com/kemitraan/laboratorium-hewan","ide editorial"
"kerja sama laboratorium diagnostik hewan dengan Slivadoc","laboratorium-hewan","kolaborasi","https://partners.slivadoc.com/kemitraan/laboratorium-hewan","ide editorial"
"program mitra laboratorium diagnostik hewan Indonesia","laboratorium-hewan","kolaborasi","https://partners.slivadoc.com/kemitraan/laboratorium-hewan","ide editorial"
"menjadi mitra laboratorium diagnostik hewan Slivadoc","laboratorium-hewan","daftar","https://partners.slivadoc.com/kemitraan/laboratorium-hewan","ide editorial"
"formulir pendaftaran laboratorium diagnostik hewan","laboratorium-hewan","daftar","https://partners.slivadoc.com/kemitraan/laboratorium-hewan","ide editorial"
"syarat kemitraan laboratorium diagnostik hewan","laboratorium-hewan","panduan","https://partners.slivadoc.com/kemitraan/laboratorium-hewan","ide editorial"
"pengajuan partner laboratorium diagnostik hewan","laboratorium-hewan","daftar","https://partners.slivadoc.com/kemitraan/laboratorium-hewan","ide editorial"
"kolaborasi laboratorium diagnostik hewan Slivadoc","laboratorium-hewan","kolaborasi","https://partners.slivadoc.com/kemitraan/laboratorium-hewan","ide editorial"
"daftar mitra lab pemeriksaan pet Slivadoc","laboratorium-hewan","daftar","https://partners.slivadoc.com/kemitraan/laboratorium-hewan","ide editorial"
"pendaftaran kemitraan lab pemeriksaan pet","laboratorium-hewan","daftar","https://partners.slivadoc.com/kemitraan/laboratorium-hewan","ide editorial"
"gabung partner lab pemeriksaan pet","laboratorium-hewan","daftar","https://partners.slivadoc.com/kemitraan/laboratorium-hewan","ide editorial"
"cara daftar partner lab pemeriksaan pet","laboratorium-hewan","panduan","https://partners.slivadoc.com/kemitraan/laboratorium-hewan","ide editorial"
"kerja sama lab pemeriksaan pet dengan Slivadoc","laboratorium-hewan","kolaborasi","https://partners.slivadoc.com/kemitraan/laboratorium-hewan","ide editorial"
"program mitra lab pemeriksaan pet Indonesia","laboratorium-hewan","kolaborasi","https://partners.slivadoc.com/kemitraan/laboratorium-hewan","ide editorial"
"menjadi mitra lab pemeriksaan pet Slivadoc","laboratorium-hewan","daftar","https://partners.slivadoc.com/kemitraan/laboratorium-hewan","ide editorial"
"formulir pendaftaran lab pemeriksaan pet","laboratorium-hewan","daftar","https://partners.slivadoc.com/kemitraan/laboratorium-hewan","ide editorial"
"syarat kemitraan lab pemeriksaan pet","laboratorium-hewan","panduan","https://partners.slivadoc.com/kemitraan/laboratorium-hewan","ide editorial"
"pengajuan partner lab pemeriksaan pet","laboratorium-hewan","daftar","https://partners.slivadoc.com/kemitraan/laboratorium-hewan","ide editorial"
"kolaborasi lab pemeriksaan pet Slivadoc","laboratorium-hewan","kolaborasi","https://partners.slivadoc.com/kemitraan/laboratorium-hewan","ide editorial"
"daftar mitra layanan uji kesehatan hewan Slivadoc","laboratorium-hewan","daftar","https://partners.slivadoc.com/kemitraan/laboratorium-hewan","ide editorial"
"pendaftaran kemitraan layanan uji kesehatan hewan","laboratorium-hewan","daftar","https://partners.slivadoc.com/kemitraan/laboratorium-hewan","ide editorial"
"gabung partner layanan uji kesehatan hewan","laboratorium-hewan","daftar","https://partners.slivadoc.com/kemitraan/laboratorium-hewan","ide editorial"
"cara daftar partner layanan uji kesehatan hewan","laboratorium-hewan","panduan","https://partners.slivadoc.com/kemitraan/laboratorium-hewan","ide editorial"
"kerja sama layanan uji kesehatan hewan dengan Slivadoc","laboratorium-hewan","kolaborasi","https://partners.slivadoc.com/kemitraan/laboratorium-hewan","ide editorial"
"program mitra layanan uji kesehatan hewan Indonesia","laboratorium-hewan","kolaborasi","https://partners.slivadoc.com/kemitraan/laboratorium-hewan","ide editorial"
"menjadi mitra layanan uji kesehatan hewan Slivadoc","laboratorium-hewan","daftar","https://partners.slivadoc.com/kemitraan/laboratorium-hewan","ide editorial"
"formulir pendaftaran layanan uji kesehatan hewan","laboratorium-hewan","daftar","https://partners.slivadoc.com/kemitraan/laboratorium-hewan","ide editorial"
"syarat kemitraan layanan uji kesehatan hewan","laboratorium-hewan","panduan","https://partners.slivadoc.com/kemitraan/laboratorium-hewan","ide editorial"
"pengajuan partner layanan uji kesehatan hewan","laboratorium-hewan","daftar","https://partners.slivadoc.com/kemitraan/laboratorium-hewan","ide editorial"
"kolaborasi layanan uji kesehatan hewan Slivadoc","laboratorium-hewan","kolaborasi","https://partners.slivadoc.com/kemitraan/laboratorium-hewan","ide editorial"
"daftar mitra shelter hewan Slivadoc","shelter-rescue","daftar","https://partners.slivadoc.com/kemitraan/shelter-rescue","ide editorial"
"pendaftaran kemitraan shelter hewan","shelter-rescue","daftar","https://partners.slivadoc.com/kemitraan/shelter-rescue","ide editorial"
"gabung partner shelter hewan","shelter-rescue","daftar","https://partners.slivadoc.com/kemitraan/shelter-rescue","ide editorial"
"cara daftar partner shelter hewan","shelter-rescue","panduan","https://partners.slivadoc.com/kemitraan/shelter-rescue","ide editorial"
"kerja sama shelter hewan dengan Slivadoc","shelter-rescue","kolaborasi","https://partners.slivadoc.com/kemitraan/shelter-rescue","ide editorial"
"program mitra shelter hewan Indonesia","shelter-rescue","kolaborasi","https://partners.slivadoc.com/kemitraan/shelter-rescue","ide editorial"
"menjadi mitra shelter hewan Slivadoc","shelter-rescue","daftar","https://partners.slivadoc.com/kemitraan/shelter-rescue","ide editorial"
"formulir pendaftaran shelter hewan","shelter-rescue","daftar","https://partners.slivadoc.com/kemitraan/shelter-rescue","ide editorial"
"syarat kemitraan shelter hewan","shelter-rescue","panduan","https://partners.slivadoc.com/kemitraan/shelter-rescue","ide editorial"
"pengajuan partner shelter hewan","shelter-rescue","daftar","https://partners.slivadoc.com/kemitraan/shelter-rescue","ide editorial"
"kolaborasi shelter hewan Slivadoc","shelter-rescue","kolaborasi","https://partners.slivadoc.com/kemitraan/shelter-rescue","ide editorial"
"daftar mitra rescue hewan Slivadoc","shelter-rescue","daftar","https://partners.slivadoc.com/kemitraan/shelter-rescue","ide editorial"
"pendaftaran kemitraan rescue hewan","shelter-rescue","daftar","https://partners.slivadoc.com/kemitraan/shelter-rescue","ide editorial"
"gabung partner rescue hewan","shelter-rescue","daftar","https://partners.slivadoc.com/kemitraan/shelter-rescue","ide editorial"
"cara daftar partner rescue hewan","shelter-rescue","panduan","https://partners.slivadoc.com/kemitraan/shelter-rescue","ide editorial"
"kerja sama rescue hewan dengan Slivadoc","shelter-rescue","kolaborasi","https://partners.slivadoc.com/kemitraan/shelter-rescue","ide editorial"
"program mitra rescue hewan Indonesia","shelter-rescue","kolaborasi","https://partners.slivadoc.com/kemitraan/shelter-rescue","ide editorial"
"menjadi mitra rescue hewan Slivadoc","shelter-rescue","daftar","https://partners.slivadoc.com/kemitraan/shelter-rescue","ide editorial"
"formulir pendaftaran rescue hewan","shelter-rescue","daftar","https://partners.slivadoc.com/kemitraan/shelter-rescue","ide editorial"
"syarat kemitraan rescue hewan","shelter-rescue","panduan","https://partners.slivadoc.com/kemitraan/shelter-rescue","ide editorial"
"pengajuan partner rescue hewan","shelter-rescue","daftar","https://partners.slivadoc.com/kemitraan/shelter-rescue","ide editorial"
"kolaborasi rescue hewan Slivadoc","shelter-rescue","kolaborasi","https://partners.slivadoc.com/kemitraan/shelter-rescue","ide editorial"
"daftar mitra organisasi penyelamatan hewan Slivadoc","shelter-rescue","daftar","https://partners.slivadoc.com/kemitraan/shelter-rescue","ide editorial"
"pendaftaran kemitraan organisasi penyelamatan hewan","shelter-rescue","daftar","https://partners.slivadoc.com/kemitraan/shelter-rescue","ide editorial"
"gabung partner organisasi penyelamatan hewan","shelter-rescue","daftar","https://partners.slivadoc.com/kemitraan/shelter-rescue","ide editorial"
"cara daftar partner organisasi penyelamatan hewan","shelter-rescue","panduan","https://partners.slivadoc.com/kemitraan/shelter-rescue","ide editorial"
"kerja sama organisasi penyelamatan hewan dengan Slivadoc","shelter-rescue","kolaborasi","https://partners.slivadoc.com/kemitraan/shelter-rescue","ide editorial"
"program mitra organisasi penyelamatan hewan Indonesia","shelter-rescue","kolaborasi","https://partners.slivadoc.com/kemitraan/shelter-rescue","ide editorial"
"menjadi mitra organisasi penyelamatan hewan Slivadoc","shelter-rescue","daftar","https://partners.slivadoc.com/kemitraan/shelter-rescue","ide editorial"
"formulir pendaftaran organisasi penyelamatan hewan","shelter-rescue","daftar","https://partners.slivadoc.com/kemitraan/shelter-rescue","ide editorial"
"syarat kemitraan organisasi penyelamatan hewan","shelter-rescue","panduan","https://partners.slivadoc.com/kemitraan/shelter-rescue","ide editorial"
"pengajuan partner organisasi penyelamatan hewan","shelter-rescue","daftar","https://partners.slivadoc.com/kemitraan/shelter-rescue","ide editorial"
"kolaborasi organisasi penyelamatan hewan Slivadoc","shelter-rescue","kolaborasi","https://partners.slivadoc.com/kemitraan/shelter-rescue","ide editorial"
"daftar mitra yayasan adopsi hewan Slivadoc","shelter-rescue","daftar","https://partners.slivadoc.com/kemitraan/shelter-rescue","ide editorial"
"pendaftaran kemitraan yayasan adopsi hewan","shelter-rescue","daftar","https://partners.slivadoc.com/kemitraan/shelter-rescue","ide editorial"
"gabung partner yayasan adopsi hewan","shelter-rescue","daftar","https://partners.slivadoc.com/kemitraan/shelter-rescue","ide editorial"
"cara daftar partner yayasan adopsi hewan","shelter-rescue","panduan","https://partners.slivadoc.com/kemitraan/shelter-rescue","ide editorial"
"kerja sama yayasan adopsi hewan dengan Slivadoc","shelter-rescue","kolaborasi","https://partners.slivadoc.com/kemitraan/shelter-rescue","ide editorial"
"program mitra yayasan adopsi hewan Indonesia","shelter-rescue","kolaborasi","https://partners.slivadoc.com/kemitraan/shelter-rescue","ide editorial"
"menjadi mitra yayasan adopsi hewan Slivadoc","shelter-rescue","daftar","https://partners.slivadoc.com/kemitraan/shelter-rescue","ide editorial"
"formulir pendaftaran yayasan adopsi hewan","shelter-rescue","daftar","https://partners.slivadoc.com/kemitraan/shelter-rescue","ide editorial"
"syarat kemitraan yayasan adopsi hewan","shelter-rescue","panduan","https://partners.slivadoc.com/kemitraan/shelter-rescue","ide editorial"
"pengajuan partner yayasan adopsi hewan","shelter-rescue","daftar","https://partners.slivadoc.com/kemitraan/shelter-rescue","ide editorial"
"kolaborasi yayasan adopsi hewan Slivadoc","shelter-rescue","kolaborasi","https://partners.slivadoc.com/kemitraan/shelter-rescue","ide editorial"
"daftar mitra rumah singgah hewan Slivadoc","shelter-rescue","daftar","https://partners.slivadoc.com/kemitraan/shelter-rescue","ide editorial"
"pendaftaran kemitraan rumah singgah hewan","shelter-rescue","daftar","https://partners.slivadoc.com/kemitraan/shelter-rescue","ide editorial"
"gabung partner rumah singgah hewan","shelter-rescue","daftar","https://partners.slivadoc.com/kemitraan/shelter-rescue","ide editorial"
"cara daftar partner rumah singgah hewan","shelter-rescue","panduan","https://partners.slivadoc.com/kemitraan/shelter-rescue","ide editorial"
"kerja sama rumah singgah hewan dengan Slivadoc","shelter-rescue","kolaborasi","https://partners.slivadoc.com/kemitraan/shelter-rescue","ide editorial"
"program mitra rumah singgah hewan Indonesia","shelter-rescue","kolaborasi","https://partners.slivadoc.com/kemitraan/shelter-rescue","ide editorial"
"menjadi mitra rumah singgah hewan Slivadoc","shelter-rescue","daftar","https://partners.slivadoc.com/kemitraan/shelter-rescue","ide editorial"
"formulir pendaftaran rumah singgah hewan","shelter-rescue","daftar","https://partners.slivadoc.com/kemitraan/shelter-rescue","ide editorial"
"syarat kemitraan rumah singgah hewan","shelter-rescue","panduan","https://partners.slivadoc.com/kemitraan/shelter-rescue","ide editorial"
"pengajuan partner rumah singgah hewan","shelter-rescue","daftar","https://partners.slivadoc.com/kemitraan/shelter-rescue","ide editorial"
"kolaborasi rumah singgah hewan Slivadoc","shelter-rescue","kolaborasi","https://partners.slivadoc.com/kemitraan/shelter-rescue","ide editorial"
"daftar mitra komunitas pet Slivadoc","komunitas-pet","daftar","https://partners.slivadoc.com/kemitraan/komunitas-pet","ide editorial"
"pendaftaran kemitraan komunitas pet","komunitas-pet","daftar","https://partners.slivadoc.com/kemitraan/komunitas-pet","ide editorial"
"gabung partner komunitas pet","komunitas-pet","daftar","https://partners.slivadoc.com/kemitraan/komunitas-pet","ide editorial"
"cara daftar partner komunitas pet","komunitas-pet","panduan","https://partners.slivadoc.com/kemitraan/komunitas-pet","ide editorial"
"kerja sama komunitas pet dengan Slivadoc","komunitas-pet","kolaborasi","https://partners.slivadoc.com/kemitraan/komunitas-pet","ide editorial"
"program mitra komunitas pet Indonesia","komunitas-pet","kolaborasi","https://partners.slivadoc.com/kemitraan/komunitas-pet","ide editorial"
"menjadi mitra komunitas pet Slivadoc","komunitas-pet","daftar","https://partners.slivadoc.com/kemitraan/komunitas-pet","ide editorial"
"formulir pendaftaran komunitas pet","komunitas-pet","daftar","https://partners.slivadoc.com/kemitraan/komunitas-pet","ide editorial"
"syarat kemitraan komunitas pet","komunitas-pet","panduan","https://partners.slivadoc.com/kemitraan/komunitas-pet","ide editorial"
"pengajuan partner komunitas pet","komunitas-pet","daftar","https://partners.slivadoc.com/kemitraan/komunitas-pet","ide editorial"
"kolaborasi komunitas pet Slivadoc","komunitas-pet","kolaborasi","https://partners.slivadoc.com/kemitraan/komunitas-pet","ide editorial"
"daftar mitra komunitas pecinta hewan Slivadoc","komunitas-pet","daftar","https://partners.slivadoc.com/kemitraan/komunitas-pet","ide editorial"
"pendaftaran kemitraan komunitas pecinta hewan","komunitas-pet","daftar","https://partners.slivadoc.com/kemitraan/komunitas-pet","ide editorial"
"gabung partner komunitas pecinta hewan","komunitas-pet","daftar","https://partners.slivadoc.com/kemitraan/komunitas-pet","ide editorial"
"cara daftar partner komunitas pecinta hewan","komunitas-pet","panduan","https://partners.slivadoc.com/kemitraan/komunitas-pet","ide editorial"
"kerja sama komunitas pecinta hewan dengan Slivadoc","komunitas-pet","kolaborasi","https://partners.slivadoc.com/kemitraan/komunitas-pet","ide editorial"
"program mitra komunitas pecinta hewan Indonesia","komunitas-pet","kolaborasi","https://partners.slivadoc.com/kemitraan/komunitas-pet","ide editorial"
"menjadi mitra komunitas pecinta hewan Slivadoc","komunitas-pet","daftar","https://partners.slivadoc.com/kemitraan/komunitas-pet","ide editorial"
"formulir pendaftaran komunitas pecinta hewan","komunitas-pet","daftar","https://partners.slivadoc.com/kemitraan/komunitas-pet","ide editorial"
"syarat kemitraan komunitas pecinta hewan","komunitas-pet","panduan","https://partners.slivadoc.com/kemitraan/komunitas-pet","ide editorial"
"pengajuan partner komunitas pecinta hewan","komunitas-pet","daftar","https://partners.slivadoc.com/kemitraan/komunitas-pet","ide editorial"
"kolaborasi komunitas pecinta hewan Slivadoc","komunitas-pet","kolaborasi","https://partners.slivadoc.com/kemitraan/komunitas-pet","ide editorial"
"daftar mitra perkumpulan pemilik hewan Slivadoc","komunitas-pet","daftar","https://partners.slivadoc.com/kemitraan/komunitas-pet","ide editorial"
"pendaftaran kemitraan perkumpulan pemilik hewan","komunitas-pet","daftar","https://partners.slivadoc.com/kemitraan/komunitas-pet","ide editorial"
"gabung partner perkumpulan pemilik hewan","komunitas-pet","daftar","https://partners.slivadoc.com/kemitraan/komunitas-pet","ide editorial"
"cara daftar partner perkumpulan pemilik hewan","komunitas-pet","panduan","https://partners.slivadoc.com/kemitraan/komunitas-pet","ide editorial"
"kerja sama perkumpulan pemilik hewan dengan Slivadoc","komunitas-pet","kolaborasi","https://partners.slivadoc.com/kemitraan/komunitas-pet","ide editorial"
"program mitra perkumpulan pemilik hewan Indonesia","komunitas-pet","kolaborasi","https://partners.slivadoc.com/kemitraan/komunitas-pet","ide editorial"
"menjadi mitra perkumpulan pemilik hewan Slivadoc","komunitas-pet","daftar","https://partners.slivadoc.com/kemitraan/komunitas-pet","ide editorial"
"formulir pendaftaran perkumpulan pemilik hewan","komunitas-pet","daftar","https://partners.slivadoc.com/kemitraan/komunitas-pet","ide editorial"
"syarat kemitraan perkumpulan pemilik hewan","komunitas-pet","panduan","https://partners.slivadoc.com/kemitraan/komunitas-pet","ide editorial"
"pengajuan partner perkumpulan pemilik hewan","komunitas-pet","daftar","https://partners.slivadoc.com/kemitraan/komunitas-pet","ide editorial"
"kolaborasi perkumpulan pemilik hewan Slivadoc","komunitas-pet","kolaborasi","https://partners.slivadoc.com/kemitraan/komunitas-pet","ide editorial"
"daftar mitra komunitas anjing kucing Slivadoc","komunitas-pet","daftar","https://partners.slivadoc.com/kemitraan/komunitas-pet","ide editorial"
"pendaftaran kemitraan komunitas anjing kucing","komunitas-pet","daftar","https://partners.slivadoc.com/kemitraan/komunitas-pet","ide editorial"
"gabung partner komunitas anjing kucing","komunitas-pet","daftar","https://partners.slivadoc.com/kemitraan/komunitas-pet","ide editorial"
"cara daftar partner komunitas anjing kucing","komunitas-pet","panduan","https://partners.slivadoc.com/kemitraan/komunitas-pet","ide editorial"
"kerja sama komunitas anjing kucing dengan Slivadoc","komunitas-pet","kolaborasi","https://partners.slivadoc.com/kemitraan/komunitas-pet","ide editorial"
"program mitra komunitas anjing kucing Indonesia","komunitas-pet","kolaborasi","https://partners.slivadoc.com/kemitraan/komunitas-pet","ide editorial"
"menjadi mitra komunitas anjing kucing Slivadoc","komunitas-pet","daftar","https://partners.slivadoc.com/kemitraan/komunitas-pet","ide editorial"
"formulir pendaftaran komunitas anjing kucing","komunitas-pet","daftar","https://partners.slivadoc.com/kemitraan/komunitas-pet","ide editorial"
"syarat kemitraan komunitas anjing kucing","komunitas-pet","panduan","https://partners.slivadoc.com/kemitraan/komunitas-pet","ide editorial"
"pengajuan partner komunitas anjing kucing","komunitas-pet","daftar","https://partners.slivadoc.com/kemitraan/komunitas-pet","ide editorial"
"kolaborasi komunitas anjing kucing Slivadoc","komunitas-pet","kolaborasi","https://partners.slivadoc.com/kemitraan/komunitas-pet","ide editorial"
"daftar mitra organisasi komunitas hewan Slivadoc","komunitas-pet","daftar","https://partners.slivadoc.com/kemitraan/komunitas-pet","ide editorial"
"pendaftaran kemitraan organisasi komunitas hewan","komunitas-pet","daftar","https://partners.slivadoc.com/kemitraan/komunitas-pet","ide editorial"
"gabung partner organisasi komunitas hewan","komunitas-pet","daftar","https://partners.slivadoc.com/kemitraan/komunitas-pet","ide editorial"
"cara daftar partner organisasi komunitas hewan","komunitas-pet","panduan","https://partners.slivadoc.com/kemitraan/komunitas-pet","ide editorial"
"kerja sama organisasi komunitas hewan dengan Slivadoc","komunitas-pet","kolaborasi","https://partners.slivadoc.com/kemitraan/komunitas-pet","ide editorial"
"program mitra organisasi komunitas hewan Indonesia","komunitas-pet","kolaborasi","https://partners.slivadoc.com/kemitraan/komunitas-pet","ide editorial"
"menjadi mitra organisasi komunitas hewan Slivadoc","komunitas-pet","daftar","https://partners.slivadoc.com/kemitraan/komunitas-pet","ide editorial"
"formulir pendaftaran organisasi komunitas hewan","komunitas-pet","daftar","https://partners.slivadoc.com/kemitraan/komunitas-pet","ide editorial"
"syarat kemitraan organisasi komunitas hewan","komunitas-pet","panduan","https://partners.slivadoc.com/kemitraan/komunitas-pet","ide editorial"
"pengajuan partner organisasi komunitas hewan","komunitas-pet","daftar","https://partners.slivadoc.com/kemitraan/komunitas-pet","ide editorial"
"kolaborasi organisasi komunitas hewan Slivadoc","komunitas-pet","kolaborasi","https://partners.slivadoc.com/kemitraan/komunitas-pet","ide editorial"
"daftar mitra event pet Slivadoc","event-pet","daftar","https://partners.slivadoc.com/kemitraan/event-pet","ide editorial"
"pendaftaran kemitraan event pet","event-pet","daftar","https://partners.slivadoc.com/kemitraan/event-pet","ide editorial"
"gabung partner event pet","event-pet","daftar","https://partners.slivadoc.com/kemitraan/event-pet","ide editorial"
"cara daftar partner event pet","event-pet","panduan","https://partners.slivadoc.com/kemitraan/event-pet","ide editorial"
"kerja sama event pet dengan Slivadoc","event-pet","kolaborasi","https://partners.slivadoc.com/kemitraan/event-pet","ide editorial"
"program mitra event pet Indonesia","event-pet","kolaborasi","https://partners.slivadoc.com/kemitraan/event-pet","ide editorial"
"menjadi mitra event pet Slivadoc","event-pet","daftar","https://partners.slivadoc.com/kemitraan/event-pet","ide editorial"
"formulir pendaftaran event pet","event-pet","daftar","https://partners.slivadoc.com/kemitraan/event-pet","ide editorial"
"syarat kemitraan event pet","event-pet","panduan","https://partners.slivadoc.com/kemitraan/event-pet","ide editorial"
"pengajuan partner event pet","event-pet","daftar","https://partners.slivadoc.com/kemitraan/event-pet","ide editorial"
"kolaborasi event pet Slivadoc","event-pet","kolaborasi","https://partners.slivadoc.com/kemitraan/event-pet","ide editorial"
"daftar mitra acara hewan peliharaan Slivadoc","event-pet","daftar","https://partners.slivadoc.com/kemitraan/event-pet","ide editorial"
"pendaftaran kemitraan acara hewan peliharaan","event-pet","daftar","https://partners.slivadoc.com/kemitraan/event-pet","ide editorial"
"gabung partner acara hewan peliharaan","event-pet","daftar","https://partners.slivadoc.com/kemitraan/event-pet","ide editorial"
"cara daftar partner acara hewan peliharaan","event-pet","panduan","https://partners.slivadoc.com/kemitraan/event-pet","ide editorial"
"kerja sama acara hewan peliharaan dengan Slivadoc","event-pet","kolaborasi","https://partners.slivadoc.com/kemitraan/event-pet","ide editorial"
"program mitra acara hewan peliharaan Indonesia","event-pet","kolaborasi","https://partners.slivadoc.com/kemitraan/event-pet","ide editorial"
"menjadi mitra acara hewan peliharaan Slivadoc","event-pet","daftar","https://partners.slivadoc.com/kemitraan/event-pet","ide editorial"
"formulir pendaftaran acara hewan peliharaan","event-pet","daftar","https://partners.slivadoc.com/kemitraan/event-pet","ide editorial"
"syarat kemitraan acara hewan peliharaan","event-pet","panduan","https://partners.slivadoc.com/kemitraan/event-pet","ide editorial"
"pengajuan partner acara hewan peliharaan","event-pet","daftar","https://partners.slivadoc.com/kemitraan/event-pet","ide editorial"
"kolaborasi acara hewan peliharaan Slivadoc","event-pet","kolaborasi","https://partners.slivadoc.com/kemitraan/event-pet","ide editorial"
"daftar mitra penyelenggara event hewan Slivadoc","event-pet","daftar","https://partners.slivadoc.com/kemitraan/event-pet","ide editorial"
"pendaftaran kemitraan penyelenggara event hewan","event-pet","daftar","https://partners.slivadoc.com/kemitraan/event-pet","ide editorial"
"gabung partner penyelenggara event hewan","event-pet","daftar","https://partners.slivadoc.com/kemitraan/event-pet","ide editorial"
"cara daftar partner penyelenggara event hewan","event-pet","panduan","https://partners.slivadoc.com/kemitraan/event-pet","ide editorial"
"kerja sama penyelenggara event hewan dengan Slivadoc","event-pet","kolaborasi","https://partners.slivadoc.com/kemitraan/event-pet","ide editorial"
"program mitra penyelenggara event hewan Indonesia","event-pet","kolaborasi","https://partners.slivadoc.com/kemitraan/event-pet","ide editorial"
"menjadi mitra penyelenggara event hewan Slivadoc","event-pet","daftar","https://partners.slivadoc.com/kemitraan/event-pet","ide editorial"
"formulir pendaftaran penyelenggara event hewan","event-pet","daftar","https://partners.slivadoc.com/kemitraan/event-pet","ide editorial"
"syarat kemitraan penyelenggara event hewan","event-pet","panduan","https://partners.slivadoc.com/kemitraan/event-pet","ide editorial"
"pengajuan partner penyelenggara event hewan","event-pet","daftar","https://partners.slivadoc.com/kemitraan/event-pet","ide editorial"
"kolaborasi penyelenggara event hewan Slivadoc","event-pet","kolaborasi","https://partners.slivadoc.com/kemitraan/event-pet","ide editorial"
"daftar mitra pet expo Slivadoc","event-pet","daftar","https://partners.slivadoc.com/kemitraan/event-pet","ide editorial"
"pendaftaran kemitraan pet expo","event-pet","daftar","https://partners.slivadoc.com/kemitraan/event-pet","ide editorial"
"gabung partner pet expo","event-pet","daftar","https://partners.slivadoc.com/kemitraan/event-pet","ide editorial"
"cara daftar partner pet expo","event-pet","panduan","https://partners.slivadoc.com/kemitraan/event-pet","ide editorial"
"kerja sama pet expo dengan Slivadoc","event-pet","kolaborasi","https://partners.slivadoc.com/kemitraan/event-pet","ide editorial"
"program mitra pet expo Indonesia","event-pet","kolaborasi","https://partners.slivadoc.com/kemitraan/event-pet","ide editorial"
"menjadi mitra pet expo Slivadoc","event-pet","daftar","https://partners.slivadoc.com/kemitraan/event-pet","ide editorial"
"formulir pendaftaran pet expo","event-pet","daftar","https://partners.slivadoc.com/kemitraan/event-pet","ide editorial"
"syarat kemitraan pet expo","event-pet","panduan","https://partners.slivadoc.com/kemitraan/event-pet","ide editorial"
"pengajuan partner pet expo","event-pet","daftar","https://partners.slivadoc.com/kemitraan/event-pet","ide editorial"
"kolaborasi pet expo Slivadoc","event-pet","kolaborasi","https://partners.slivadoc.com/kemitraan/event-pet","ide editorial"
"daftar mitra festival hewan Slivadoc","event-pet","daftar","https://partners.slivadoc.com/kemitraan/event-pet","ide editorial"
"pendaftaran kemitraan festival hewan","event-pet","daftar","https://partners.slivadoc.com/kemitraan/event-pet","ide editorial"
"gabung partner festival hewan","event-pet","daftar","https://partners.slivadoc.com/kemitraan/event-pet","ide editorial"
"cara daftar partner festival hewan","event-pet","panduan","https://partners.slivadoc.com/kemitraan/event-pet","ide editorial"
"kerja sama festival hewan dengan Slivadoc","event-pet","kolaborasi","https://partners.slivadoc.com/kemitraan/event-pet","ide editorial"
"program mitra festival hewan Indonesia","event-pet","kolaborasi","https://partners.slivadoc.com/kemitraan/event-pet","ide editorial"
"menjadi mitra festival hewan Slivadoc","event-pet","daftar","https://partners.slivadoc.com/kemitraan/event-pet","ide editorial"
"formulir pendaftaran festival hewan","event-pet","daftar","https://partners.slivadoc.com/kemitraan/event-pet","ide editorial"
"syarat kemitraan festival hewan","event-pet","panduan","https://partners.slivadoc.com/kemitraan/event-pet","ide editorial"
"pengajuan partner festival hewan","event-pet","daftar","https://partners.slivadoc.com/kemitraan/event-pet","ide editorial"
"kolaborasi festival hewan Slivadoc","event-pet","kolaborasi","https://partners.slivadoc.com/kemitraan/event-pet","ide editorial"
"daftar mitra tempat pet friendly Slivadoc","tempat-pet-friendly","daftar","https://partners.slivadoc.com/kemitraan/tempat-pet-friendly","ide editorial"
"pendaftaran kemitraan tempat pet friendly","tempat-pet-friendly","daftar","https://partners.slivadoc.com/kemitraan/tempat-pet-friendly","ide editorial"
"gabung partner tempat pet friendly","tempat-pet-friendly","daftar","https://partners.slivadoc.com/kemitraan/tempat-pet-friendly","ide editorial"
"cara daftar partner tempat pet friendly","tempat-pet-friendly","panduan","https://partners.slivadoc.com/kemitraan/tempat-pet-friendly","ide editorial"
"kerja sama tempat pet friendly dengan Slivadoc","tempat-pet-friendly","kolaborasi","https://partners.slivadoc.com/kemitraan/tempat-pet-friendly","ide editorial"
"program mitra tempat pet friendly Indonesia","tempat-pet-friendly","kolaborasi","https://partners.slivadoc.com/kemitraan/tempat-pet-friendly","ide editorial"
"menjadi mitra tempat pet friendly Slivadoc","tempat-pet-friendly","daftar","https://partners.slivadoc.com/kemitraan/tempat-pet-friendly","ide editorial"
"formulir pendaftaran tempat pet friendly","tempat-pet-friendly","daftar","https://partners.slivadoc.com/kemitraan/tempat-pet-friendly","ide editorial"
"syarat kemitraan tempat pet friendly","tempat-pet-friendly","panduan","https://partners.slivadoc.com/kemitraan/tempat-pet-friendly","ide editorial"
"pengajuan partner tempat pet friendly","tempat-pet-friendly","daftar","https://partners.slivadoc.com/kemitraan/tempat-pet-friendly","ide editorial"
"kolaborasi tempat pet friendly Slivadoc","tempat-pet-friendly","kolaborasi","https://partners.slivadoc.com/kemitraan/tempat-pet-friendly","ide editorial"
"daftar mitra kafe pet friendly Slivadoc","tempat-pet-friendly","daftar","https://partners.slivadoc.com/kemitraan/tempat-pet-friendly","ide editorial"
"pendaftaran kemitraan kafe pet friendly","tempat-pet-friendly","daftar","https://partners.slivadoc.com/kemitraan/tempat-pet-friendly","ide editorial"
"gabung partner kafe pet friendly","tempat-pet-friendly","daftar","https://partners.slivadoc.com/kemitraan/tempat-pet-friendly","ide editorial"
"cara daftar partner kafe pet friendly","tempat-pet-friendly","panduan","https://partners.slivadoc.com/kemitraan/tempat-pet-friendly","ide editorial"
"kerja sama kafe pet friendly dengan Slivadoc","tempat-pet-friendly","kolaborasi","https://partners.slivadoc.com/kemitraan/tempat-pet-friendly","ide editorial"
"program mitra kafe pet friendly Indonesia","tempat-pet-friendly","kolaborasi","https://partners.slivadoc.com/kemitraan/tempat-pet-friendly","ide editorial"
"menjadi mitra kafe pet friendly Slivadoc","tempat-pet-friendly","daftar","https://partners.slivadoc.com/kemitraan/tempat-pet-friendly","ide editorial"
"formulir pendaftaran kafe pet friendly","tempat-pet-friendly","daftar","https://partners.slivadoc.com/kemitraan/tempat-pet-friendly","ide editorial"
"syarat kemitraan kafe pet friendly","tempat-pet-friendly","panduan","https://partners.slivadoc.com/kemitraan/tempat-pet-friendly","ide editorial"
"pengajuan partner kafe pet friendly","tempat-pet-friendly","daftar","https://partners.slivadoc.com/kemitraan/tempat-pet-friendly","ide editorial"
"kolaborasi kafe pet friendly Slivadoc","tempat-pet-friendly","kolaborasi","https://partners.slivadoc.com/kemitraan/tempat-pet-friendly","ide editorial"
"daftar mitra restoran ramah hewan Slivadoc","tempat-pet-friendly","daftar","https://partners.slivadoc.com/kemitraan/tempat-pet-friendly","ide editorial"
"pendaftaran kemitraan restoran ramah hewan","tempat-pet-friendly","daftar","https://partners.slivadoc.com/kemitraan/tempat-pet-friendly","ide editorial"
"gabung partner restoran ramah hewan","tempat-pet-friendly","daftar","https://partners.slivadoc.com/kemitraan/tempat-pet-friendly","ide editorial"
"cara daftar partner restoran ramah hewan","tempat-pet-friendly","panduan","https://partners.slivadoc.com/kemitraan/tempat-pet-friendly","ide editorial"
"kerja sama restoran ramah hewan dengan Slivadoc","tempat-pet-friendly","kolaborasi","https://partners.slivadoc.com/kemitraan/tempat-pet-friendly","ide editorial"
"program mitra restoran ramah hewan Indonesia","tempat-pet-friendly","kolaborasi","https://partners.slivadoc.com/kemitraan/tempat-pet-friendly","ide editorial"
"menjadi mitra restoran ramah hewan Slivadoc","tempat-pet-friendly","daftar","https://partners.slivadoc.com/kemitraan/tempat-pet-friendly","ide editorial"
"formulir pendaftaran restoran ramah hewan","tempat-pet-friendly","daftar","https://partners.slivadoc.com/kemitraan/tempat-pet-friendly","ide editorial"
"syarat kemitraan restoran ramah hewan","tempat-pet-friendly","panduan","https://partners.slivadoc.com/kemitraan/tempat-pet-friendly","ide editorial"
"pengajuan partner restoran ramah hewan","tempat-pet-friendly","daftar","https://partners.slivadoc.com/kemitraan/tempat-pet-friendly","ide editorial"
"kolaborasi restoran ramah hewan Slivadoc","tempat-pet-friendly","kolaborasi","https://partners.slivadoc.com/kemitraan/tempat-pet-friendly","ide editorial"
"daftar mitra venue ramah pet Slivadoc","tempat-pet-friendly","daftar","https://partners.slivadoc.com/kemitraan/tempat-pet-friendly","ide editorial"
"pendaftaran kemitraan venue ramah pet","tempat-pet-friendly","daftar","https://partners.slivadoc.com/kemitraan/tempat-pet-friendly","ide editorial"
"gabung partner venue ramah pet","tempat-pet-friendly","daftar","https://partners.slivadoc.com/kemitraan/tempat-pet-friendly","ide editorial"
"cara daftar partner venue ramah pet","tempat-pet-friendly","panduan","https://partners.slivadoc.com/kemitraan/tempat-pet-friendly","ide editorial"
"kerja sama venue ramah pet dengan Slivadoc","tempat-pet-friendly","kolaborasi","https://partners.slivadoc.com/kemitraan/tempat-pet-friendly","ide editorial"
"program mitra venue ramah pet Indonesia","tempat-pet-friendly","kolaborasi","https://partners.slivadoc.com/kemitraan/tempat-pet-friendly","ide editorial"
"menjadi mitra venue ramah pet Slivadoc","tempat-pet-friendly","daftar","https://partners.slivadoc.com/kemitraan/tempat-pet-friendly","ide editorial"
"formulir pendaftaran venue ramah pet","tempat-pet-friendly","daftar","https://partners.slivadoc.com/kemitraan/tempat-pet-friendly","ide editorial"
"syarat kemitraan venue ramah pet","tempat-pet-friendly","panduan","https://partners.slivadoc.com/kemitraan/tempat-pet-friendly","ide editorial"
"pengajuan partner venue ramah pet","tempat-pet-friendly","daftar","https://partners.slivadoc.com/kemitraan/tempat-pet-friendly","ide editorial"
"kolaborasi venue ramah pet Slivadoc","tempat-pet-friendly","kolaborasi","https://partners.slivadoc.com/kemitraan/tempat-pet-friendly","ide editorial"
"daftar mitra penginapan pet friendly Slivadoc","tempat-pet-friendly","daftar","https://partners.slivadoc.com/kemitraan/tempat-pet-friendly","ide editorial"
"pendaftaran kemitraan penginapan pet friendly","tempat-pet-friendly","daftar","https://partners.slivadoc.com/kemitraan/tempat-pet-friendly","ide editorial"
"gabung partner penginapan pet friendly","tempat-pet-friendly","daftar","https://partners.slivadoc.com/kemitraan/tempat-pet-friendly","ide editorial"
"cara daftar partner penginapan pet friendly","tempat-pet-friendly","panduan","https://partners.slivadoc.com/kemitraan/tempat-pet-friendly","ide editorial"
"kerja sama penginapan pet friendly dengan Slivadoc","tempat-pet-friendly","kolaborasi","https://partners.slivadoc.com/kemitraan/tempat-pet-friendly","ide editorial"
"program mitra penginapan pet friendly Indonesia","tempat-pet-friendly","kolaborasi","https://partners.slivadoc.com/kemitraan/tempat-pet-friendly","ide editorial"
"menjadi mitra penginapan pet friendly Slivadoc","tempat-pet-friendly","daftar","https://partners.slivadoc.com/kemitraan/tempat-pet-friendly","ide editorial"
"formulir pendaftaran penginapan pet friendly","tempat-pet-friendly","daftar","https://partners.slivadoc.com/kemitraan/tempat-pet-friendly","ide editorial"
"syarat kemitraan penginapan pet friendly","tempat-pet-friendly","panduan","https://partners.slivadoc.com/kemitraan/tempat-pet-friendly","ide editorial"
"pengajuan partner penginapan pet friendly","tempat-pet-friendly","daftar","https://partners.slivadoc.com/kemitraan/tempat-pet-friendly","ide editorial"
"kolaborasi penginapan pet friendly Slivadoc","tempat-pet-friendly","kolaborasi","https://partners.slivadoc.com/kemitraan/tempat-pet-friendly","ide editorial"
"daftar mitra asuransi hewan Slivadoc","asuransi-hewan","daftar","https://partners.slivadoc.com/kemitraan/asuransi-hewan","ide editorial"
"pendaftaran kemitraan asuransi hewan","asuransi-hewan","daftar","https://partners.slivadoc.com/kemitraan/asuransi-hewan","ide editorial"
"gabung partner asuransi hewan","asuransi-hewan","daftar","https://partners.slivadoc.com/kemitraan/asuransi-hewan","ide editorial"
"cara daftar partner asuransi hewan","asuransi-hewan","panduan","https://partners.slivadoc.com/kemitraan/asuransi-hewan","ide editorial"
"kerja sama asuransi hewan dengan Slivadoc","asuransi-hewan","kolaborasi","https://partners.slivadoc.com/kemitraan/asuransi-hewan","ide editorial"
"program mitra asuransi hewan Indonesia","asuransi-hewan","kolaborasi","https://partners.slivadoc.com/kemitraan/asuransi-hewan","ide editorial"
"menjadi mitra asuransi hewan Slivadoc","asuransi-hewan","daftar","https://partners.slivadoc.com/kemitraan/asuransi-hewan","ide editorial"
"formulir pendaftaran asuransi hewan","asuransi-hewan","daftar","https://partners.slivadoc.com/kemitraan/asuransi-hewan","ide editorial"
"syarat kemitraan asuransi hewan","asuransi-hewan","panduan","https://partners.slivadoc.com/kemitraan/asuransi-hewan","ide editorial"
"pengajuan partner asuransi hewan","asuransi-hewan","daftar","https://partners.slivadoc.com/kemitraan/asuransi-hewan","ide editorial"
"kolaborasi asuransi hewan Slivadoc","asuransi-hewan","kolaborasi","https://partners.slivadoc.com/kemitraan/asuransi-hewan","ide editorial"
"daftar mitra asuransi pet Slivadoc","asuransi-hewan","daftar","https://partners.slivadoc.com/kemitraan/asuransi-hewan","ide editorial"
"pendaftaran kemitraan asuransi pet","asuransi-hewan","daftar","https://partners.slivadoc.com/kemitraan/asuransi-hewan","ide editorial"
"gabung partner asuransi pet","asuransi-hewan","daftar","https://partners.slivadoc.com/kemitraan/asuransi-hewan","ide editorial"
"cara daftar partner asuransi pet","asuransi-hewan","panduan","https://partners.slivadoc.com/kemitraan/asuransi-hewan","ide editorial"
"kerja sama asuransi pet dengan Slivadoc","asuransi-hewan","kolaborasi","https://partners.slivadoc.com/kemitraan/asuransi-hewan","ide editorial"
"program mitra asuransi pet Indonesia","asuransi-hewan","kolaborasi","https://partners.slivadoc.com/kemitraan/asuransi-hewan","ide editorial"
"menjadi mitra asuransi pet Slivadoc","asuransi-hewan","daftar","https://partners.slivadoc.com/kemitraan/asuransi-hewan","ide editorial"
"formulir pendaftaran asuransi pet","asuransi-hewan","daftar","https://partners.slivadoc.com/kemitraan/asuransi-hewan","ide editorial"
"syarat kemitraan asuransi pet","asuransi-hewan","panduan","https://partners.slivadoc.com/kemitraan/asuransi-hewan","ide editorial"
"pengajuan partner asuransi pet","asuransi-hewan","daftar","https://partners.slivadoc.com/kemitraan/asuransi-hewan","ide editorial"
"kolaborasi asuransi pet Slivadoc","asuransi-hewan","kolaborasi","https://partners.slivadoc.com/kemitraan/asuransi-hewan","ide editorial"
"daftar mitra perlindungan hewan peliharaan Slivadoc","asuransi-hewan","daftar","https://partners.slivadoc.com/kemitraan/asuransi-hewan","ide editorial"
"pendaftaran kemitraan perlindungan hewan peliharaan","asuransi-hewan","daftar","https://partners.slivadoc.com/kemitraan/asuransi-hewan","ide editorial"
"gabung partner perlindungan hewan peliharaan","asuransi-hewan","daftar","https://partners.slivadoc.com/kemitraan/asuransi-hewan","ide editorial"
"cara daftar partner perlindungan hewan peliharaan","asuransi-hewan","panduan","https://partners.slivadoc.com/kemitraan/asuransi-hewan","ide editorial"
"kerja sama perlindungan hewan peliharaan dengan Slivadoc","asuransi-hewan","kolaborasi","https://partners.slivadoc.com/kemitraan/asuransi-hewan","ide editorial"
"program mitra perlindungan hewan peliharaan Indonesia","asuransi-hewan","kolaborasi","https://partners.slivadoc.com/kemitraan/asuransi-hewan","ide editorial"
"menjadi mitra perlindungan hewan peliharaan Slivadoc","asuransi-hewan","daftar","https://partners.slivadoc.com/kemitraan/asuransi-hewan","ide editorial"
"formulir pendaftaran perlindungan hewan peliharaan","asuransi-hewan","daftar","https://partners.slivadoc.com/kemitraan/asuransi-hewan","ide editorial"
"syarat kemitraan perlindungan hewan peliharaan","asuransi-hewan","panduan","https://partners.slivadoc.com/kemitraan/asuransi-hewan","ide editorial"
"pengajuan partner perlindungan hewan peliharaan","asuransi-hewan","daftar","https://partners.slivadoc.com/kemitraan/asuransi-hewan","ide editorial"
"kolaborasi perlindungan hewan peliharaan Slivadoc","asuransi-hewan","kolaborasi","https://partners.slivadoc.com/kemitraan/asuransi-hewan","ide editorial"
"daftar mitra penyedia asuransi pet Slivadoc","asuransi-hewan","daftar","https://partners.slivadoc.com/kemitraan/asuransi-hewan","ide editorial"
"pendaftaran kemitraan penyedia asuransi pet","asuransi-hewan","daftar","https://partners.slivadoc.com/kemitraan/asuransi-hewan","ide editorial"
"gabung partner penyedia asuransi pet","asuransi-hewan","daftar","https://partners.slivadoc.com/kemitraan/asuransi-hewan","ide editorial"
"cara daftar partner penyedia asuransi pet","asuransi-hewan","panduan","https://partners.slivadoc.com/kemitraan/asuransi-hewan","ide editorial"
"kerja sama penyedia asuransi pet dengan Slivadoc","asuransi-hewan","kolaborasi","https://partners.slivadoc.com/kemitraan/asuransi-hewan","ide editorial"
"program mitra penyedia asuransi pet Indonesia","asuransi-hewan","kolaborasi","https://partners.slivadoc.com/kemitraan/asuransi-hewan","ide editorial"
"menjadi mitra penyedia asuransi pet Slivadoc","asuransi-hewan","daftar","https://partners.slivadoc.com/kemitraan/asuransi-hewan","ide editorial"
"formulir pendaftaran penyedia asuransi pet","asuransi-hewan","daftar","https://partners.slivadoc.com/kemitraan/asuransi-hewan","ide editorial"
"syarat kemitraan penyedia asuransi pet","asuransi-hewan","panduan","https://partners.slivadoc.com/kemitraan/asuransi-hewan","ide editorial"
"pengajuan partner penyedia asuransi pet","asuransi-hewan","daftar","https://partners.slivadoc.com/kemitraan/asuransi-hewan","ide editorial"
"kolaborasi penyedia asuransi pet Slivadoc","asuransi-hewan","kolaborasi","https://partners.slivadoc.com/kemitraan/asuransi-hewan","ide editorial"
"daftar mitra produk asuransi hewan Slivadoc","asuransi-hewan","daftar","https://partners.slivadoc.com/kemitraan/asuransi-hewan","ide editorial"
"pendaftaran kemitraan produk asuransi hewan","asuransi-hewan","daftar","https://partners.slivadoc.com/kemitraan/asuransi-hewan","ide editorial"
"gabung partner produk asuransi hewan","asuransi-hewan","daftar","https://partners.slivadoc.com/kemitraan/asuransi-hewan","ide editorial"
"cara daftar partner produk asuransi hewan","asuransi-hewan","panduan","https://partners.slivadoc.com/kemitraan/asuransi-hewan","ide editorial"
"kerja sama produk asuransi hewan dengan Slivadoc","asuransi-hewan","kolaborasi","https://partners.slivadoc.com/kemitraan/asuransi-hewan","ide editorial"
"program mitra produk asuransi hewan Indonesia","asuransi-hewan","kolaborasi","https://partners.slivadoc.com/kemitraan/asuransi-hewan","ide editorial"
"menjadi mitra produk asuransi hewan Slivadoc","asuransi-hewan","daftar","https://partners.slivadoc.com/kemitraan/asuransi-hewan","ide editorial"
"formulir pendaftaran produk asuransi hewan","asuransi-hewan","daftar","https://partners.slivadoc.com/kemitraan/asuransi-hewan","ide editorial"
"syarat kemitraan produk asuransi hewan","asuransi-hewan","panduan","https://partners.slivadoc.com/kemitraan/asuransi-hewan","ide editorial"
"pengajuan partner produk asuransi hewan","asuransi-hewan","daftar","https://partners.slivadoc.com/kemitraan/asuransi-hewan","ide editorial"
"kolaborasi produk asuransi hewan Slivadoc","asuransi-hewan","kolaborasi","https://partners.slivadoc.com/kemitraan/asuransi-hewan","ide editorial"
"daftar mitra brand produk hewan Slivadoc","brand-produk-hewan","daftar","https://partners.slivadoc.com/kemitraan/brand-produk-hewan","ide editorial"
"pendaftaran kemitraan brand produk hewan","brand-produk-hewan","daftar","https://partners.slivadoc.com/kemitraan/brand-produk-hewan","ide editorial"
"gabung partner brand produk hewan","brand-produk-hewan","daftar","https://partners.slivadoc.com/kemitraan/brand-produk-hewan","ide editorial"
"cara daftar partner brand produk hewan","brand-produk-hewan","panduan","https://partners.slivadoc.com/kemitraan/brand-produk-hewan","ide editorial"
"kerja sama brand produk hewan dengan Slivadoc","brand-produk-hewan","kolaborasi","https://partners.slivadoc.com/kemitraan/brand-produk-hewan","ide editorial"
"program mitra brand produk hewan Indonesia","brand-produk-hewan","kolaborasi","https://partners.slivadoc.com/kemitraan/brand-produk-hewan","ide editorial"
"menjadi mitra brand produk hewan Slivadoc","brand-produk-hewan","daftar","https://partners.slivadoc.com/kemitraan/brand-produk-hewan","ide editorial"
"formulir pendaftaran brand produk hewan","brand-produk-hewan","daftar","https://partners.slivadoc.com/kemitraan/brand-produk-hewan","ide editorial"
"syarat kemitraan brand produk hewan","brand-produk-hewan","panduan","https://partners.slivadoc.com/kemitraan/brand-produk-hewan","ide editorial"
"pengajuan partner brand produk hewan","brand-produk-hewan","daftar","https://partners.slivadoc.com/kemitraan/brand-produk-hewan","ide editorial"
"kolaborasi brand produk hewan Slivadoc","brand-produk-hewan","kolaborasi","https://partners.slivadoc.com/kemitraan/brand-produk-hewan","ide editorial"
"daftar mitra merek makanan hewan Slivadoc","brand-produk-hewan","daftar","https://partners.slivadoc.com/kemitraan/brand-produk-hewan","ide editorial"
"pendaftaran kemitraan merek makanan hewan","brand-produk-hewan","daftar","https://partners.slivadoc.com/kemitraan/brand-produk-hewan","ide editorial"
"gabung partner merek makanan hewan","brand-produk-hewan","daftar","https://partners.slivadoc.com/kemitraan/brand-produk-hewan","ide editorial"
"cara daftar partner merek makanan hewan","brand-produk-hewan","panduan","https://partners.slivadoc.com/kemitraan/brand-produk-hewan","ide editorial"
"kerja sama merek makanan hewan dengan Slivadoc","brand-produk-hewan","kolaborasi","https://partners.slivadoc.com/kemitraan/brand-produk-hewan","ide editorial"
"program mitra merek makanan hewan Indonesia","brand-produk-hewan","kolaborasi","https://partners.slivadoc.com/kemitraan/brand-produk-hewan","ide editorial"
"menjadi mitra merek makanan hewan Slivadoc","brand-produk-hewan","daftar","https://partners.slivadoc.com/kemitraan/brand-produk-hewan","ide editorial"
"formulir pendaftaran merek makanan hewan","brand-produk-hewan","daftar","https://partners.slivadoc.com/kemitraan/brand-produk-hewan","ide editorial"
"syarat kemitraan merek makanan hewan","brand-produk-hewan","panduan","https://partners.slivadoc.com/kemitraan/brand-produk-hewan","ide editorial"
"pengajuan partner merek makanan hewan","brand-produk-hewan","daftar","https://partners.slivadoc.com/kemitraan/brand-produk-hewan","ide editorial"
"kolaborasi merek makanan hewan Slivadoc","brand-produk-hewan","kolaborasi","https://partners.slivadoc.com/kemitraan/brand-produk-hewan","ide editorial"
"daftar mitra produsen produk pet Slivadoc","brand-produk-hewan","daftar","https://partners.slivadoc.com/kemitraan/brand-produk-hewan","ide editorial"
"pendaftaran kemitraan produsen produk pet","brand-produk-hewan","daftar","https://partners.slivadoc.com/kemitraan/brand-produk-hewan","ide editorial"
"gabung partner produsen produk pet","brand-produk-hewan","daftar","https://partners.slivadoc.com/kemitraan/brand-produk-hewan","ide editorial"
"cara daftar partner produsen produk pet","brand-produk-hewan","panduan","https://partners.slivadoc.com/kemitraan/brand-produk-hewan","ide editorial"
"kerja sama produsen produk pet dengan Slivadoc","brand-produk-hewan","kolaborasi","https://partners.slivadoc.com/kemitraan/brand-produk-hewan","ide editorial"
"program mitra produsen produk pet Indonesia","brand-produk-hewan","kolaborasi","https://partners.slivadoc.com/kemitraan/brand-produk-hewan","ide editorial"
"menjadi mitra produsen produk pet Slivadoc","brand-produk-hewan","daftar","https://partners.slivadoc.com/kemitraan/brand-produk-hewan","ide editorial"
"formulir pendaftaran produsen produk pet","brand-produk-hewan","daftar","https://partners.slivadoc.com/kemitraan/brand-produk-hewan","ide editorial"
"syarat kemitraan produsen produk pet","brand-produk-hewan","panduan","https://partners.slivadoc.com/kemitraan/brand-produk-hewan","ide editorial"
"pengajuan partner produsen produk pet","brand-produk-hewan","daftar","https://partners.slivadoc.com/kemitraan/brand-produk-hewan","ide editorial"
"kolaborasi produsen produk pet Slivadoc","brand-produk-hewan","kolaborasi","https://partners.slivadoc.com/kemitraan/brand-produk-hewan","ide editorial"
"daftar mitra pabrikan perlengkapan hewan Slivadoc","brand-produk-hewan","daftar","https://partners.slivadoc.com/kemitraan/brand-produk-hewan","ide editorial"
"pendaftaran kemitraan pabrikan perlengkapan hewan","brand-produk-hewan","daftar","https://partners.slivadoc.com/kemitraan/brand-produk-hewan","ide editorial"
"gabung partner pabrikan perlengkapan hewan","brand-produk-hewan","daftar","https://partners.slivadoc.com/kemitraan/brand-produk-hewan","ide editorial"
"cara daftar partner pabrikan perlengkapan hewan","brand-produk-hewan","panduan","https://partners.slivadoc.com/kemitraan/brand-produk-hewan","ide editorial"
"kerja sama pabrikan perlengkapan hewan dengan Slivadoc","brand-produk-hewan","kolaborasi","https://partners.slivadoc.com/kemitraan/brand-produk-hewan","ide editorial"
"program mitra pabrikan perlengkapan hewan Indonesia","brand-produk-hewan","kolaborasi","https://partners.slivadoc.com/kemitraan/brand-produk-hewan","ide editorial"
"menjadi mitra pabrikan perlengkapan hewan Slivadoc","brand-produk-hewan","daftar","https://partners.slivadoc.com/kemitraan/brand-produk-hewan","ide editorial"
"formulir pendaftaran pabrikan perlengkapan hewan","brand-produk-hewan","daftar","https://partners.slivadoc.com/kemitraan/brand-produk-hewan","ide editorial"
"syarat kemitraan pabrikan perlengkapan hewan","brand-produk-hewan","panduan","https://partners.slivadoc.com/kemitraan/brand-produk-hewan","ide editorial"
"pengajuan partner pabrikan perlengkapan hewan","brand-produk-hewan","daftar","https://partners.slivadoc.com/kemitraan/brand-produk-hewan","ide editorial"
"kolaborasi pabrikan perlengkapan hewan Slivadoc","brand-produk-hewan","kolaborasi","https://partners.slivadoc.com/kemitraan/brand-produk-hewan","ide editorial"
"daftar mitra brand pet care Slivadoc","brand-produk-hewan","daftar","https://partners.slivadoc.com/kemitraan/brand-produk-hewan","ide editorial"
"pendaftaran kemitraan brand pet care","brand-produk-hewan","daftar","https://partners.slivadoc.com/kemitraan/brand-produk-hewan","ide editorial"
"gabung partner brand pet care","brand-produk-hewan","daftar","https://partners.slivadoc.com/kemitraan/brand-produk-hewan","ide editorial"
"cara daftar partner brand pet care","brand-produk-hewan","panduan","https://partners.slivadoc.com/kemitraan/brand-produk-hewan","ide editorial"
"kerja sama brand pet care dengan Slivadoc","brand-produk-hewan","kolaborasi","https://partners.slivadoc.com/kemitraan/brand-produk-hewan","ide editorial"
"program mitra brand pet care Indonesia","brand-produk-hewan","kolaborasi","https://partners.slivadoc.com/kemitraan/brand-produk-hewan","ide editorial"
"menjadi mitra brand pet care Slivadoc","brand-produk-hewan","daftar","https://partners.slivadoc.com/kemitraan/brand-produk-hewan","ide editorial"
"formulir pendaftaran brand pet care","brand-produk-hewan","daftar","https://partners.slivadoc.com/kemitraan/brand-produk-hewan","ide editorial"
"syarat kemitraan brand pet care","brand-produk-hewan","panduan","https://partners.slivadoc.com/kemitraan/brand-produk-hewan","ide editorial"
"pengajuan partner brand pet care","brand-produk-hewan","daftar","https://partners.slivadoc.com/kemitraan/brand-produk-hewan","ide editorial"
"kolaborasi brand pet care Slivadoc","brand-produk-hewan","kolaborasi","https://partners.slivadoc.com/kemitraan/brand-produk-hewan","ide editorial"
"daftar mitra distributor produk hewan Slivadoc","distributor-supplier","daftar","https://partners.slivadoc.com/kemitraan/distributor-supplier","ide editorial"
"pendaftaran kemitraan distributor produk hewan","distributor-supplier","daftar","https://partners.slivadoc.com/kemitraan/distributor-supplier","ide editorial"
"gabung partner distributor produk hewan","distributor-supplier","daftar","https://partners.slivadoc.com/kemitraan/distributor-supplier","ide editorial"
"cara daftar partner distributor produk hewan","distributor-supplier","panduan","https://partners.slivadoc.com/kemitraan/distributor-supplier","ide editorial"
"kerja sama distributor produk hewan dengan Slivadoc","distributor-supplier","kolaborasi","https://partners.slivadoc.com/kemitraan/distributor-supplier","ide editorial"
"program mitra distributor produk hewan Indonesia","distributor-supplier","kolaborasi","https://partners.slivadoc.com/kemitraan/distributor-supplier","ide editorial"
"menjadi mitra distributor produk hewan Slivadoc","distributor-supplier","daftar","https://partners.slivadoc.com/kemitraan/distributor-supplier","ide editorial"
"formulir pendaftaran distributor produk hewan","distributor-supplier","daftar","https://partners.slivadoc.com/kemitraan/distributor-supplier","ide editorial"
"syarat kemitraan distributor produk hewan","distributor-supplier","panduan","https://partners.slivadoc.com/kemitraan/distributor-supplier","ide editorial"
"pengajuan partner distributor produk hewan","distributor-supplier","daftar","https://partners.slivadoc.com/kemitraan/distributor-supplier","ide editorial"
"kolaborasi distributor produk hewan Slivadoc","distributor-supplier","kolaborasi","https://partners.slivadoc.com/kemitraan/distributor-supplier","ide editorial"
"daftar mitra supplier petshop Slivadoc","distributor-supplier","daftar","https://partners.slivadoc.com/kemitraan/distributor-supplier","ide editorial"
"pendaftaran kemitraan supplier petshop","distributor-supplier","daftar","https://partners.slivadoc.com/kemitraan/distributor-supplier","ide editorial"
"gabung partner supplier petshop","distributor-supplier","daftar","https://partners.slivadoc.com/kemitraan/distributor-supplier","ide editorial"
"cara daftar partner supplier petshop","distributor-supplier","panduan","https://partners.slivadoc.com/kemitraan/distributor-supplier","ide editorial"
"kerja sama supplier petshop dengan Slivadoc","distributor-supplier","kolaborasi","https://partners.slivadoc.com/kemitraan/distributor-supplier","ide editorial"
"program mitra supplier petshop Indonesia","distributor-supplier","kolaborasi","https://partners.slivadoc.com/kemitraan/distributor-supplier","ide editorial"
"menjadi mitra supplier petshop Slivadoc","distributor-supplier","daftar","https://partners.slivadoc.com/kemitraan/distributor-supplier","ide editorial"
"formulir pendaftaran supplier petshop","distributor-supplier","daftar","https://partners.slivadoc.com/kemitraan/distributor-supplier","ide editorial"
"syarat kemitraan supplier petshop","distributor-supplier","panduan","https://partners.slivadoc.com/kemitraan/distributor-supplier","ide editorial"
"pengajuan partner supplier petshop","distributor-supplier","daftar","https://partners.slivadoc.com/kemitraan/distributor-supplier","ide editorial"
"kolaborasi supplier petshop Slivadoc","distributor-supplier","kolaborasi","https://partners.slivadoc.com/kemitraan/distributor-supplier","ide editorial"
"daftar mitra pemasok produk pet Slivadoc","distributor-supplier","daftar","https://partners.slivadoc.com/kemitraan/distributor-supplier","ide editorial"
"pendaftaran kemitraan pemasok produk pet","distributor-supplier","daftar","https://partners.slivadoc.com/kemitraan/distributor-supplier","ide editorial"
"gabung partner pemasok produk pet","distributor-supplier","daftar","https://partners.slivadoc.com/kemitraan/distributor-supplier","ide editorial"
"cara daftar partner pemasok produk pet","distributor-supplier","panduan","https://partners.slivadoc.com/kemitraan/distributor-supplier","ide editorial"
"kerja sama pemasok produk pet dengan Slivadoc","distributor-supplier","kolaborasi","https://partners.slivadoc.com/kemitraan/distributor-supplier","ide editorial"
"program mitra pemasok produk pet Indonesia","distributor-supplier","kolaborasi","https://partners.slivadoc.com/kemitraan/distributor-supplier","ide editorial"
"menjadi mitra pemasok produk pet Slivadoc","distributor-supplier","daftar","https://partners.slivadoc.com/kemitraan/distributor-supplier","ide editorial"
"formulir pendaftaran pemasok produk pet","distributor-supplier","daftar","https://partners.slivadoc.com/kemitraan/distributor-supplier","ide editorial"
"syarat kemitraan pemasok produk pet","distributor-supplier","panduan","https://partners.slivadoc.com/kemitraan/distributor-supplier","ide editorial"
"pengajuan partner pemasok produk pet","distributor-supplier","daftar","https://partners.slivadoc.com/kemitraan/distributor-supplier","ide editorial"
"kolaborasi pemasok produk pet Slivadoc","distributor-supplier","kolaborasi","https://partners.slivadoc.com/kemitraan/distributor-supplier","ide editorial"
"daftar mitra distributor makanan hewan Slivadoc","distributor-supplier","daftar","https://partners.slivadoc.com/kemitraan/distributor-supplier","ide editorial"
"pendaftaran kemitraan distributor makanan hewan","distributor-supplier","daftar","https://partners.slivadoc.com/kemitraan/distributor-supplier","ide editorial"
"gabung partner distributor makanan hewan","distributor-supplier","daftar","https://partners.slivadoc.com/kemitraan/distributor-supplier","ide editorial"
"cara daftar partner distributor makanan hewan","distributor-supplier","panduan","https://partners.slivadoc.com/kemitraan/distributor-supplier","ide editorial"
"kerja sama distributor makanan hewan dengan Slivadoc","distributor-supplier","kolaborasi","https://partners.slivadoc.com/kemitraan/distributor-supplier","ide editorial"
"program mitra distributor makanan hewan Indonesia","distributor-supplier","kolaborasi","https://partners.slivadoc.com/kemitraan/distributor-supplier","ide editorial"
"menjadi mitra distributor makanan hewan Slivadoc","distributor-supplier","daftar","https://partners.slivadoc.com/kemitraan/distributor-supplier","ide editorial"
"formulir pendaftaran distributor makanan hewan","distributor-supplier","daftar","https://partners.slivadoc.com/kemitraan/distributor-supplier","ide editorial"
"syarat kemitraan distributor makanan hewan","distributor-supplier","panduan","https://partners.slivadoc.com/kemitraan/distributor-supplier","ide editorial"
"pengajuan partner distributor makanan hewan","distributor-supplier","daftar","https://partners.slivadoc.com/kemitraan/distributor-supplier","ide editorial"
"kolaborasi distributor makanan hewan Slivadoc","distributor-supplier","kolaborasi","https://partners.slivadoc.com/kemitraan/distributor-supplier","ide editorial"
"daftar mitra grosir perlengkapan hewan Slivadoc","distributor-supplier","daftar","https://partners.slivadoc.com/kemitraan/distributor-supplier","ide editorial"
"pendaftaran kemitraan grosir perlengkapan hewan","distributor-supplier","daftar","https://partners.slivadoc.com/kemitraan/distributor-supplier","ide editorial"
"gabung partner grosir perlengkapan hewan","distributor-supplier","daftar","https://partners.slivadoc.com/kemitraan/distributor-supplier","ide editorial"
"cara daftar partner grosir perlengkapan hewan","distributor-supplier","panduan","https://partners.slivadoc.com/kemitraan/distributor-supplier","ide editorial"
"kerja sama grosir perlengkapan hewan dengan Slivadoc","distributor-supplier","kolaborasi","https://partners.slivadoc.com/kemitraan/distributor-supplier","ide editorial"
"program mitra grosir perlengkapan hewan Indonesia","distributor-supplier","kolaborasi","https://partners.slivadoc.com/kemitraan/distributor-supplier","ide editorial"
"menjadi mitra grosir perlengkapan hewan Slivadoc","distributor-supplier","daftar","https://partners.slivadoc.com/kemitraan/distributor-supplier","ide editorial"
"formulir pendaftaran grosir perlengkapan hewan","distributor-supplier","daftar","https://partners.slivadoc.com/kemitraan/distributor-supplier","ide editorial"
"syarat kemitraan grosir perlengkapan hewan","distributor-supplier","panduan","https://partners.slivadoc.com/kemitraan/distributor-supplier","ide editorial"
"pengajuan partner grosir perlengkapan hewan","distributor-supplier","daftar","https://partners.slivadoc.com/kemitraan/distributor-supplier","ide editorial"
"kolaborasi grosir perlengkapan hewan Slivadoc","distributor-supplier","kolaborasi","https://partners.slivadoc.com/kemitraan/distributor-supplier","ide editorial"
"daftar mitra logistik pet Slivadoc","logistik-pet","daftar","https://partners.slivadoc.com/kemitraan/logistik-pet","ide editorial"
"pendaftaran kemitraan logistik pet","logistik-pet","daftar","https://partners.slivadoc.com/kemitraan/logistik-pet","ide editorial"
"gabung partner logistik pet","logistik-pet","daftar","https://partners.slivadoc.com/kemitraan/logistik-pet","ide editorial"
"cara daftar partner logistik pet","logistik-pet","panduan","https://partners.slivadoc.com/kemitraan/logistik-pet","ide editorial"
"kerja sama logistik pet dengan Slivadoc","logistik-pet","kolaborasi","https://partners.slivadoc.com/kemitraan/logistik-pet","ide editorial"
"program mitra logistik pet Indonesia","logistik-pet","kolaborasi","https://partners.slivadoc.com/kemitraan/logistik-pet","ide editorial"
"menjadi mitra logistik pet Slivadoc","logistik-pet","daftar","https://partners.slivadoc.com/kemitraan/logistik-pet","ide editorial"
"formulir pendaftaran logistik pet","logistik-pet","daftar","https://partners.slivadoc.com/kemitraan/logistik-pet","ide editorial"
"syarat kemitraan logistik pet","logistik-pet","panduan","https://partners.slivadoc.com/kemitraan/logistik-pet","ide editorial"
"pengajuan partner logistik pet","logistik-pet","daftar","https://partners.slivadoc.com/kemitraan/logistik-pet","ide editorial"
"kolaborasi logistik pet Slivadoc","logistik-pet","kolaborasi","https://partners.slivadoc.com/kemitraan/logistik-pet","ide editorial"
"daftar mitra pengiriman produk hewan Slivadoc","logistik-pet","daftar","https://partners.slivadoc.com/kemitraan/logistik-pet","ide editorial"
"pendaftaran kemitraan pengiriman produk hewan","logistik-pet","daftar","https://partners.slivadoc.com/kemitraan/logistik-pet","ide editorial"
"gabung partner pengiriman produk hewan","logistik-pet","daftar","https://partners.slivadoc.com/kemitraan/logistik-pet","ide editorial"
"cara daftar partner pengiriman produk hewan","logistik-pet","panduan","https://partners.slivadoc.com/kemitraan/logistik-pet","ide editorial"
"kerja sama pengiriman produk hewan dengan Slivadoc","logistik-pet","kolaborasi","https://partners.slivadoc.com/kemitraan/logistik-pet","ide editorial"
"program mitra pengiriman produk hewan Indonesia","logistik-pet","kolaborasi","https://partners.slivadoc.com/kemitraan/logistik-pet","ide editorial"
"menjadi mitra pengiriman produk hewan Slivadoc","logistik-pet","daftar","https://partners.slivadoc.com/kemitraan/logistik-pet","ide editorial"
"formulir pendaftaran pengiriman produk hewan","logistik-pet","daftar","https://partners.slivadoc.com/kemitraan/logistik-pet","ide editorial"
"syarat kemitraan pengiriman produk hewan","logistik-pet","panduan","https://partners.slivadoc.com/kemitraan/logistik-pet","ide editorial"
"pengajuan partner pengiriman produk hewan","logistik-pet","daftar","https://partners.slivadoc.com/kemitraan/logistik-pet","ide editorial"
"kolaborasi pengiriman produk hewan Slivadoc","logistik-pet","kolaborasi","https://partners.slivadoc.com/kemitraan/logistik-pet","ide editorial"
"daftar mitra transportasi hewan Slivadoc","logistik-pet","daftar","https://partners.slivadoc.com/kemitraan/logistik-pet","ide editorial"
"pendaftaran kemitraan transportasi hewan","logistik-pet","daftar","https://partners.slivadoc.com/kemitraan/logistik-pet","ide editorial"
"gabung partner transportasi hewan","logistik-pet","daftar","https://partners.slivadoc.com/kemitraan/logistik-pet","ide editorial"
"cara daftar partner transportasi hewan","logistik-pet","panduan","https://partners.slivadoc.com/kemitraan/logistik-pet","ide editorial"
"kerja sama transportasi hewan dengan Slivadoc","logistik-pet","kolaborasi","https://partners.slivadoc.com/kemitraan/logistik-pet","ide editorial"
"program mitra transportasi hewan Indonesia","logistik-pet","kolaborasi","https://partners.slivadoc.com/kemitraan/logistik-pet","ide editorial"
"menjadi mitra transportasi hewan Slivadoc","logistik-pet","daftar","https://partners.slivadoc.com/kemitraan/logistik-pet","ide editorial"
"formulir pendaftaran transportasi hewan","logistik-pet","daftar","https://partners.slivadoc.com/kemitraan/logistik-pet","ide editorial"
"syarat kemitraan transportasi hewan","logistik-pet","panduan","https://partners.slivadoc.com/kemitraan/logistik-pet","ide editorial"
"pengajuan partner transportasi hewan","logistik-pet","daftar","https://partners.slivadoc.com/kemitraan/logistik-pet","ide editorial"
"kolaborasi transportasi hewan Slivadoc","logistik-pet","kolaborasi","https://partners.slivadoc.com/kemitraan/logistik-pet","ide editorial"
"daftar mitra pet travel Slivadoc","logistik-pet","daftar","https://partners.slivadoc.com/kemitraan/logistik-pet","ide editorial"
"pendaftaran kemitraan pet travel","logistik-pet","daftar","https://partners.slivadoc.com/kemitraan/logistik-pet","ide editorial"
"gabung partner pet travel","logistik-pet","daftar","https://partners.slivadoc.com/kemitraan/logistik-pet","ide editorial"
"cara daftar partner pet travel","logistik-pet","panduan","https://partners.slivadoc.com/kemitraan/logistik-pet","ide editorial"
"kerja sama pet travel dengan Slivadoc","logistik-pet","kolaborasi","https://partners.slivadoc.com/kemitraan/logistik-pet","ide editorial"
"program mitra pet travel Indonesia","logistik-pet","kolaborasi","https://partners.slivadoc.com/kemitraan/logistik-pet","ide editorial"
"menjadi mitra pet travel Slivadoc","logistik-pet","daftar","https://partners.slivadoc.com/kemitraan/logistik-pet","ide editorial"
"formulir pendaftaran pet travel","logistik-pet","daftar","https://partners.slivadoc.com/kemitraan/logistik-pet","ide editorial"
"syarat kemitraan pet travel","logistik-pet","panduan","https://partners.slivadoc.com/kemitraan/logistik-pet","ide editorial"
"pengajuan partner pet travel","logistik-pet","daftar","https://partners.slivadoc.com/kemitraan/logistik-pet","ide editorial"
"kolaborasi pet travel Slivadoc","logistik-pet","kolaborasi","https://partners.slivadoc.com/kemitraan/logistik-pet","ide editorial"
"daftar mitra kurir produk pet Slivadoc","logistik-pet","daftar","https://partners.slivadoc.com/kemitraan/logistik-pet","ide editorial"
"pendaftaran kemitraan kurir produk pet","logistik-pet","daftar","https://partners.slivadoc.com/kemitraan/logistik-pet","ide editorial"
"gabung partner kurir produk pet","logistik-pet","daftar","https://partners.slivadoc.com/kemitraan/logistik-pet","ide editorial"
"cara daftar partner kurir produk pet","logistik-pet","panduan","https://partners.slivadoc.com/kemitraan/logistik-pet","ide editorial"
"kerja sama kurir produk pet dengan Slivadoc","logistik-pet","kolaborasi","https://partners.slivadoc.com/kemitraan/logistik-pet","ide editorial"
"program mitra kurir produk pet Indonesia","logistik-pet","kolaborasi","https://partners.slivadoc.com/kemitraan/logistik-pet","ide editorial"
"menjadi mitra kurir produk pet Slivadoc","logistik-pet","daftar","https://partners.slivadoc.com/kemitraan/logistik-pet","ide editorial"
"formulir pendaftaran kurir produk pet","logistik-pet","daftar","https://partners.slivadoc.com/kemitraan/logistik-pet","ide editorial"
"syarat kemitraan kurir produk pet","logistik-pet","panduan","https://partners.slivadoc.com/kemitraan/logistik-pet","ide editorial"
"pengajuan partner kurir produk pet","logistik-pet","daftar","https://partners.slivadoc.com/kemitraan/logistik-pet","ide editorial"
"kolaborasi kurir produk pet Slivadoc","logistik-pet","kolaborasi","https://partners.slivadoc.com/kemitraan/logistik-pet","ide editorial"
"daftar mitra asosiasi hewan Slivadoc","instansi-asosiasi","daftar","https://partners.slivadoc.com/kemitraan/instansi-asosiasi","ide editorial"
"pendaftaran kemitraan asosiasi hewan","instansi-asosiasi","daftar","https://partners.slivadoc.com/kemitraan/instansi-asosiasi","ide editorial"
"gabung partner asosiasi hewan","instansi-asosiasi","daftar","https://partners.slivadoc.com/kemitraan/instansi-asosiasi","ide editorial"
"cara daftar partner asosiasi hewan","instansi-asosiasi","panduan","https://partners.slivadoc.com/kemitraan/instansi-asosiasi","ide editorial"
"kerja sama asosiasi hewan dengan Slivadoc","instansi-asosiasi","kolaborasi","https://partners.slivadoc.com/kemitraan/instansi-asosiasi","ide editorial"
"program mitra asosiasi hewan Indonesia","instansi-asosiasi","kolaborasi","https://partners.slivadoc.com/kemitraan/instansi-asosiasi","ide editorial"
"menjadi mitra asosiasi hewan Slivadoc","instansi-asosiasi","daftar","https://partners.slivadoc.com/kemitraan/instansi-asosiasi","ide editorial"
"formulir pendaftaran asosiasi hewan","instansi-asosiasi","daftar","https://partners.slivadoc.com/kemitraan/instansi-asosiasi","ide editorial"
"syarat kemitraan asosiasi hewan","instansi-asosiasi","panduan","https://partners.slivadoc.com/kemitraan/instansi-asosiasi","ide editorial"
"pengajuan partner asosiasi hewan","instansi-asosiasi","daftar","https://partners.slivadoc.com/kemitraan/instansi-asosiasi","ide editorial"
"kolaborasi asosiasi hewan Slivadoc","instansi-asosiasi","kolaborasi","https://partners.slivadoc.com/kemitraan/instansi-asosiasi","ide editorial"
"daftar mitra instansi kesejahteraan hewan Slivadoc","instansi-asosiasi","daftar","https://partners.slivadoc.com/kemitraan/instansi-asosiasi","ide editorial"
"pendaftaran kemitraan instansi kesejahteraan hewan","instansi-asosiasi","daftar","https://partners.slivadoc.com/kemitraan/instansi-asosiasi","ide editorial"
"gabung partner instansi kesejahteraan hewan","instansi-asosiasi","daftar","https://partners.slivadoc.com/kemitraan/instansi-asosiasi","ide editorial"
"cara daftar partner instansi kesejahteraan hewan","instansi-asosiasi","panduan","https://partners.slivadoc.com/kemitraan/instansi-asosiasi","ide editorial"
"kerja sama instansi kesejahteraan hewan dengan Slivadoc","instansi-asosiasi","kolaborasi","https://partners.slivadoc.com/kemitraan/instansi-asosiasi","ide editorial"
"program mitra instansi kesejahteraan hewan Indonesia","instansi-asosiasi","kolaborasi","https://partners.slivadoc.com/kemitraan/instansi-asosiasi","ide editorial"
"menjadi mitra instansi kesejahteraan hewan Slivadoc","instansi-asosiasi","daftar","https://partners.slivadoc.com/kemitraan/instansi-asosiasi","ide editorial"
"formulir pendaftaran instansi kesejahteraan hewan","instansi-asosiasi","daftar","https://partners.slivadoc.com/kemitraan/instansi-asosiasi","ide editorial"
"syarat kemitraan instansi kesejahteraan hewan","instansi-asosiasi","panduan","https://partners.slivadoc.com/kemitraan/instansi-asosiasi","ide editorial"
"pengajuan partner instansi kesejahteraan hewan","instansi-asosiasi","daftar","https://partners.slivadoc.com/kemitraan/instansi-asosiasi","ide editorial"
"kolaborasi instansi kesejahteraan hewan Slivadoc","instansi-asosiasi","kolaborasi","https://partners.slivadoc.com/kemitraan/instansi-asosiasi","ide editorial"
"daftar mitra organisasi profesi veteriner Slivadoc","instansi-asosiasi","daftar","https://partners.slivadoc.com/kemitraan/instansi-asosiasi","ide editorial"
"pendaftaran kemitraan organisasi profesi veteriner","instansi-asosiasi","daftar","https://partners.slivadoc.com/kemitraan/instansi-asosiasi","ide editorial"
"gabung partner organisasi profesi veteriner","instansi-asosiasi","daftar","https://partners.slivadoc.com/kemitraan/instansi-asosiasi","ide editorial"
"cara daftar partner organisasi profesi veteriner","instansi-asosiasi","panduan","https://partners.slivadoc.com/kemitraan/instansi-asosiasi","ide editorial"
"kerja sama organisasi profesi veteriner dengan Slivadoc","instansi-asosiasi","kolaborasi","https://partners.slivadoc.com/kemitraan/instansi-asosiasi","ide editorial"
"program mitra organisasi profesi veteriner Indonesia","instansi-asosiasi","kolaborasi","https://partners.slivadoc.com/kemitraan/instansi-asosiasi","ide editorial"
"menjadi mitra organisasi profesi veteriner Slivadoc","instansi-asosiasi","daftar","https://partners.slivadoc.com/kemitraan/instansi-asosiasi","ide editorial"
"formulir pendaftaran organisasi profesi veteriner","instansi-asosiasi","daftar","https://partners.slivadoc.com/kemitraan/instansi-asosiasi","ide editorial"
"syarat kemitraan organisasi profesi veteriner","instansi-asosiasi","panduan","https://partners.slivadoc.com/kemitraan/instansi-asosiasi","ide editorial"
"pengajuan partner organisasi profesi veteriner","instansi-asosiasi","daftar","https://partners.slivadoc.com/kemitraan/instansi-asosiasi","ide editorial"
"kolaborasi organisasi profesi veteriner Slivadoc","instansi-asosiasi","kolaborasi","https://partners.slivadoc.com/kemitraan/instansi-asosiasi","ide editorial"
"daftar mitra lembaga edukasi pet Slivadoc","instansi-asosiasi","daftar","https://partners.slivadoc.com/kemitraan/instansi-asosiasi","ide editorial"
"pendaftaran kemitraan lembaga edukasi pet","instansi-asosiasi","daftar","https://partners.slivadoc.com/kemitraan/instansi-asosiasi","ide editorial"
"gabung partner lembaga edukasi pet","instansi-asosiasi","daftar","https://partners.slivadoc.com/kemitraan/instansi-asosiasi","ide editorial"
"cara daftar partner lembaga edukasi pet","instansi-asosiasi","panduan","https://partners.slivadoc.com/kemitraan/instansi-asosiasi","ide editorial"
"kerja sama lembaga edukasi pet dengan Slivadoc","instansi-asosiasi","kolaborasi","https://partners.slivadoc.com/kemitraan/instansi-asosiasi","ide editorial"
"program mitra lembaga edukasi pet Indonesia","instansi-asosiasi","kolaborasi","https://partners.slivadoc.com/kemitraan/instansi-asosiasi","ide editorial"
"menjadi mitra lembaga edukasi pet Slivadoc","instansi-asosiasi","daftar","https://partners.slivadoc.com/kemitraan/instansi-asosiasi","ide editorial"
"formulir pendaftaran lembaga edukasi pet","instansi-asosiasi","daftar","https://partners.slivadoc.com/kemitraan/instansi-asosiasi","ide editorial"
"syarat kemitraan lembaga edukasi pet","instansi-asosiasi","panduan","https://partners.slivadoc.com/kemitraan/instansi-asosiasi","ide editorial"
"pengajuan partner lembaga edukasi pet","instansi-asosiasi","daftar","https://partners.slivadoc.com/kemitraan/instansi-asosiasi","ide editorial"
"kolaborasi lembaga edukasi pet Slivadoc","instansi-asosiasi","kolaborasi","https://partners.slivadoc.com/kemitraan/instansi-asosiasi","ide editorial"
"daftar mitra asosiasi pet care Slivadoc","instansi-asosiasi","daftar","https://partners.slivadoc.com/kemitraan/instansi-asosiasi","ide editorial"
"pendaftaran kemitraan asosiasi pet care","instansi-asosiasi","daftar","https://partners.slivadoc.com/kemitraan/instansi-asosiasi","ide editorial"
"gabung partner asosiasi pet care","instansi-asosiasi","daftar","https://partners.slivadoc.com/kemitraan/instansi-asosiasi","ide editorial"
"cara daftar partner asosiasi pet care","instansi-asosiasi","panduan","https://partners.slivadoc.com/kemitraan/instansi-asosiasi","ide editorial"
"kerja sama asosiasi pet care dengan Slivadoc","instansi-asosiasi","kolaborasi","https://partners.slivadoc.com/kemitraan/instansi-asosiasi","ide editorial"
"program mitra asosiasi pet care Indonesia","instansi-asosiasi","kolaborasi","https://partners.slivadoc.com/kemitraan/instansi-asosiasi","ide editorial"
"menjadi mitra asosiasi pet care Slivadoc","instansi-asosiasi","daftar","https://partners.slivadoc.com/kemitraan/instansi-asosiasi","ide editorial"
"formulir pendaftaran asosiasi pet care","instansi-asosiasi","daftar","https://partners.slivadoc.com/kemitraan/instansi-asosiasi","ide editorial"
"syarat kemitraan asosiasi pet care","instansi-asosiasi","panduan","https://partners.slivadoc.com/kemitraan/instansi-asosiasi","ide editorial"
"pengajuan partner asosiasi pet care","instansi-asosiasi","daftar","https://partners.slivadoc.com/kemitraan/instansi-asosiasi","ide editorial"
"kolaborasi asosiasi pet care Slivadoc","instansi-asosiasi","kolaborasi","https://partners.slivadoc.com/kemitraan/instansi-asosiasi","ide editorial"
